-- phpMyAdmin SQL Dump
-- version 5.2.1
-- https://www.phpmyadmin.net/
--
-- Хост: 127.0.0.1
-- Время создания: Фев 18 2025 г., 15:17
-- Версия сервера: 10.4.32-MariaDB
-- Версия PHP: 8.2.12

SET SQL_MODE = "NO_AUTO_VALUE_ON_ZERO";
START TRANSACTION;
SET time_zone = "+00:00";


/*!40101 SET @OLD_CHARACTER_SET_CLIENT=@@CHARACTER_SET_CLIENT */;
/*!40101 SET @OLD_CHARACTER_SET_RESULTS=@@CHARACTER_SET_RESULTS */;
/*!40101 SET @OLD_COLLATION_CONNECTION=@@COLLATION_CONNECTION */;
/*!40101 SET NAMES utf8mb4 */;

--
-- База данных: `onebit_dj`
--

-- --------------------------------------------------------

--
-- Структура таблицы `auth_group`
--

CREATE TABLE `auth_group` (
  `id` int(11) NOT NULL,
  `name` varchar(150) NOT NULL
) ENGINE=InnoDB DEFAULT CHARSET=utf8mb4 COLLATE=utf8mb4_general_ci;

-- --------------------------------------------------------

--
-- Структура таблицы `auth_group_permissions`
--

CREATE TABLE `auth_group_permissions` (
  `id` bigint(20) NOT NULL,
  `group_id` int(11) NOT NULL,
  `permission_id` int(11) NOT NULL
) ENGINE=InnoDB DEFAULT CHARSET=utf8mb4 COLLATE=utf8mb4_general_ci;

-- --------------------------------------------------------

--
-- Структура таблицы `auth_permission`
--

CREATE TABLE `auth_permission` (
  `id` int(11) NOT NULL,
  `name` varchar(255) NOT NULL,
  `content_type_id` int(11) NOT NULL,
  `codename` varchar(100) NOT NULL
) ENGINE=InnoDB DEFAULT CHARSET=utf8mb4 COLLATE=utf8mb4_general_ci;

--
-- Дамп данных таблицы `auth_permission`
--

INSERT INTO `auth_permission` (`id`, `name`, `content_type_id`, `codename`) VALUES
(1, 'Can add Автор', 1, 'add_avtor'),
(2, 'Can change Автор', 1, 'change_avtor'),
(3, 'Can delete Автор', 1, 'delete_avtor'),
(4, 'Can view Автор', 1, 'view_avtor'),
(5, 'Can add Категория', 2, 'add_category'),
(6, 'Can change Категория', 2, 'change_category'),
(7, 'Can delete Категория', 2, 'delete_category'),
(8, 'Can view Категория', 2, 'view_category'),
(9, 'Can add Описание характеритики', 3, 'add_detail'),
(10, 'Can change Описание характеритики', 3, 'change_detail'),
(11, 'Can delete Описание характеритики', 3, 'delete_detail'),
(12, 'Can view Описание характеритики', 3, 'view_detail'),
(13, 'Can add Товар', 4, 'add_tovars'),
(14, 'Can change Товар', 4, 'change_tovars'),
(15, 'Can delete Товар', 4, 'delete_tovars'),
(16, 'Can view Товар', 4, 'view_tovars'),
(17, 'Can add Характеристика к товару', 5, 'add_specs'),
(18, 'Can change Характеристика к товару', 5, 'change_specs'),
(19, 'Can delete Характеристика к товару', 5, 'delete_specs'),
(20, 'Can view Характеристика к товару', 5, 'view_specs'),
(21, 'Can add Картинка к товару', 6, 'add_img_tovar'),
(22, 'Can change Картинка к товару', 6, 'change_img_tovar'),
(23, 'Can delete Картинка к товару', 6, 'delete_img_tovar'),
(24, 'Can view Картинка к товару', 6, 'view_img_tovar'),
(25, 'Can add log entry', 7, 'add_logentry'),
(26, 'Can change log entry', 7, 'change_logentry'),
(27, 'Can delete log entry', 7, 'delete_logentry'),
(28, 'Can view log entry', 7, 'view_logentry'),
(29, 'Can add permission', 8, 'add_permission'),
(30, 'Can change permission', 8, 'change_permission'),
(31, 'Can delete permission', 8, 'delete_permission'),
(32, 'Can view permission', 8, 'view_permission'),
(33, 'Can add group', 9, 'add_group'),
(34, 'Can change group', 9, 'change_group'),
(35, 'Can delete group', 9, 'delete_group'),
(36, 'Can view group', 9, 'view_group'),
(37, 'Can add user', 10, 'add_user'),
(38, 'Can change user', 10, 'change_user'),
(39, 'Can delete user', 10, 'delete_user'),
(40, 'Can view user', 10, 'view_user'),
(41, 'Can add content type', 11, 'add_contenttype'),
(42, 'Can change content type', 11, 'change_contenttype'),
(43, 'Can delete content type', 11, 'delete_contenttype'),
(44, 'Can view content type', 11, 'view_contenttype'),
(45, 'Can add session', 12, 'add_session'),
(46, 'Can change session', 12, 'change_session'),
(47, 'Can delete session', 12, 'delete_session'),
(48, 'Can view session', 12, 'view_session'),
(49, 'Can add Главная категория', 13, 'add_gl_category'),
(50, 'Can change Главная категория', 13, 'change_gl_category'),
(51, 'Can delete Главная категория', 13, 'delete_gl_category'),
(52, 'Can view Главная категория', 13, 'view_gl_category'),
(53, 'Can add Избранный товар', 14, 'add_favorites'),
(54, 'Can change Избранный товар', 14, 'change_favorites'),
(55, 'Can delete Избранный товар', 14, 'delete_favorites'),
(56, 'Can view Избранный товар', 14, 'view_favorites'),
(57, 'Can add Избранный товар', 15, 'add_favoritess'),
(58, 'Can change Избранный товар', 15, 'change_favoritess'),
(59, 'Can delete Избранный товар', 15, 'delete_favoritess'),
(60, 'Can view Избранный товар', 15, 'view_favoritess'),
(61, 'Can add История просмотра товаров', 16, 'add_history_tovars'),
(62, 'Can change История просмотра товаров', 16, 'change_history_tovars'),
(63, 'Can delete История просмотра товаров', 16, 'delete_history_tovars'),
(64, 'Can view История просмотра товаров', 16, 'view_history_tovars'),
(65, 'Can add Корзина', 17, 'add_basket'),
(66, 'Can change Корзина', 17, 'change_basket'),
(67, 'Can delete Корзина', 17, 'delete_basket'),
(68, 'Can view Корзина', 17, 'view_basket'),
(69, 'Can add UserProfile', 18, 'add_userprofile'),
(70, 'Can change UserProfile', 18, 'change_userprofile'),
(71, 'Can delete UserProfile', 18, 'delete_userprofile'),
(72, 'Can view UserProfile', 18, 'view_userprofile'),
(73, 'Can add Отзывы', 19, 'add_comments'),
(74, 'Can change Отзывы', 19, 'change_comments'),
(75, 'Can delete Отзывы', 19, 'delete_comments'),
(76, 'Can view Отзывы', 19, 'view_comments'),
(77, 'Can add Заказ', 20, 'add_order'),
(78, 'Can change Заказ', 20, 'change_order'),
(79, 'Can delete Заказ', 20, 'delete_order'),
(80, 'Can view Заказ', 20, 'view_order'),
(81, 'Can add Товар заказа', 21, 'add_order_tovars'),
(82, 'Can change Товар заказа', 21, 'change_order_tovars'),
(83, 'Can delete Товар заказа', 21, 'delete_order_tovars'),
(84, 'Can view Товар заказа', 21, 'view_order_tovars');

-- --------------------------------------------------------

--
-- Структура таблицы `auth_user`
--

CREATE TABLE `auth_user` (
  `id` int(11) NOT NULL,
  `password` varchar(128) NOT NULL,
  `last_login` datetime(6) DEFAULT NULL,
  `is_superuser` tinyint(1) NOT NULL,
  `username` varchar(150) NOT NULL,
  `first_name` varchar(150) NOT NULL,
  `last_name` varchar(150) NOT NULL,
  `email` varchar(254) NOT NULL,
  `is_staff` tinyint(1) NOT NULL,
  `is_active` tinyint(1) NOT NULL,
  `date_joined` datetime(6) NOT NULL
) ENGINE=InnoDB DEFAULT CHARSET=utf8mb4 COLLATE=utf8mb4_general_ci;

--
-- Дамп данных таблицы `auth_user`
--

INSERT INTO `auth_user` (`id`, `password`, `last_login`, `is_superuser`, `username`, `first_name`, `last_name`, `email`, `is_staff`, `is_active`, `date_joined`) VALUES
(9, 'pbkdf2_sha256$720000$f2M21BM2MRicLbVLtUVTYe$3yUR6D+jOvtPrHJwRRTng8F8u+uFmv02C6u9YvHiuL0=', '2025-01-25 14:37:53.492767', 0, 'Huh', '', '', 'ctson@yandex.ru', 0, 1, '2024-04-14 18:46:00.750918'),
(10, 'pbkdf2_sha256$720000$61oacHWFBszi6CwP9cAJvQ$Lu0ycpsH3S06dypB9kOu8W5TdxhxYMgOlvDzVNp2u8c=', '2025-01-25 14:40:31.165761', 0, 'Huh12', '', '', 'ctson103@gmail.com', 0, 1, '2024-04-14 18:46:57.207146'),
(11, 'pbkdf2_sha256$720000$Vu8eihkVVQrhIxQluD1ezH$N/1dty5LBNDi1JwDfXFaKQwp4YCufEufcYCcnAXRANM=', '2024-04-16 15:39:02.678736', 0, 'Huh123', '', '', 'Huh123@yandex.ru', 0, 1, '2024-04-16 15:39:02.142150'),
(12, 'pbkdf2_sha256$720000$4D5zOnaTtImWANEFJZSsjG$g3CYEmkq2jTYoD1eR72wSLop/axONUsWgzkQLSW9W98=', '2025-02-17 16:15:35.453998', 1, 'admin', '', '', 'admin@admin.admin', 1, 1, '2024-06-10 16:23:49.285071'),
(15, 'pbkdf2_sha256$720000$UrYxzuRjeS2x7AabHpbFew$9GdLimPtHvVi/XKK9dsIRytSfFCzpi9KrP65CLTDmGQ=', '2024-06-14 16:20:45.008101', 0, 'User', '', '', 'User@gmail.com', 0, 1, '2024-06-14 16:16:33.916963'),
(16, 'pbkdf2_sha256$720000$FJ57rmjj5rvPYxs0uwV6NH$2gffsmpdcQcsdTKOwXc9QEyMNDZ3+RLJyfulvVHd3Q8=', '2025-01-24 18:04:39.132920', 0, 'gogot', '', '', 'eeee@email.com', 0, 1, '2024-06-14 20:05:26.598815'),
(17, 'pbkdf2_sha256$720000$O7sbNSYr3V66lWM0ryxQHH$k2vsNVHorWMNErhTYUPYfZaR+hNkrAV6ybGblrHDukc=', '2025-02-16 15:22:33.039886', 0, 'bro', '', '', 'bro@yandex.ru', 0, 1, '2025-02-11 14:00:56.864269');

-- --------------------------------------------------------

--
-- Структура таблицы `auth_user_groups`
--

CREATE TABLE `auth_user_groups` (
  `id` bigint(20) NOT NULL,
  `user_id` int(11) NOT NULL,
  `group_id` int(11) NOT NULL
) ENGINE=InnoDB DEFAULT CHARSET=utf8mb4 COLLATE=utf8mb4_general_ci;

-- --------------------------------------------------------

--
-- Структура таблицы `auth_user_user_permissions`
--

CREATE TABLE `auth_user_user_permissions` (
  `id` bigint(20) NOT NULL,
  `user_id` int(11) NOT NULL,
  `permission_id` int(11) NOT NULL
) ENGINE=InnoDB DEFAULT CHARSET=utf8mb4 COLLATE=utf8mb4_general_ci;

-- --------------------------------------------------------

--
-- Структура таблицы `django_admin_log`
--

CREATE TABLE `django_admin_log` (
  `id` int(11) NOT NULL,
  `action_time` datetime(6) NOT NULL,
  `object_id` longtext DEFAULT NULL,
  `object_repr` varchar(200) NOT NULL,
  `action_flag` smallint(5) UNSIGNED NOT NULL CHECK (`action_flag` >= 0),
  `change_message` longtext NOT NULL,
  `content_type_id` int(11) DEFAULT NULL,
  `user_id` int(11) NOT NULL
) ENGINE=InnoDB DEFAULT CHARSET=utf8mb4 COLLATE=utf8mb4_general_ci;

--
-- Дамп данных таблицы `django_admin_log`
--

INSERT INTO `django_admin_log` (`id`, `action_time`, `object_id`, `object_repr`, `action_flag`, `change_message`, `content_type_id`, `user_id`) VALUES
(383, '2024-06-12 18:47:25.891865', '6', 'admin', 3, '', 18, 12),
(384, '2024-06-12 18:47:25.897867', '5', 'Huh', 3, '', 18, 12),
(385, '2024-06-20 21:03:16.188769', '7', 'ЮКОМС', 1, '[{\"added\": {}}]', 1, 12),
(386, '2024-06-20 21:08:41.310344', '121', 'Макс. рассеиваемая мощность, Вт - Охлаждение компьютера', 1, '[{\"added\": {}}]', 3, 12),
(387, '2024-06-20 21:09:03.955646', '13', 'Сокет процессора - Охлаждение компьютера', 2, '[{\"changed\": {\"fields\": [\"\\u041a\\u0430\\u0442\\u0435\\u0433\\u043e\\u0440\\u0438\\u044f \\u0442\\u043e\\u0432\\u0430\\u0440\\u0430\"]}}]', 3, 12),
(388, '2024-06-20 21:09:10.722533', '13', 'Сокет процессора - Охлаждение компьютера, Процессоры', 2, '[{\"changed\": {\"fields\": [\"\\u041a\\u0430\\u0442\\u0435\\u0433\\u043e\\u0440\\u0438\\u044f \\u0442\\u043e\\u0432\\u0430\\u0440\\u0430\"]}}]', 3, 12),
(389, '2024-06-20 21:09:17.819053', '13', 'Сокет процессора - Охлаждение компьютера, Процессоры', 2, '[]', 3, 12),
(390, '2024-06-20 21:09:29.776072', '13', 'Сокет процессора - Все', 2, '[{\"changed\": {\"fields\": [\"\\u041a\\u0430\\u0442\\u0435\\u0433\\u043e\\u0440\\u0438\\u044f \\u0442\\u043e\\u0432\\u0430\\u0440\\u0430\"]}}]', 3, 12),
(391, '2024-06-20 21:09:34.470403', '13', 'Сокет процессора - Охлаждение компьютера, Процессоры', 2, '[{\"changed\": {\"fields\": [\"\\u041a\\u0430\\u0442\\u0435\\u0433\\u043e\\u0440\\u0438\\u044f \\u0442\\u043e\\u0432\\u0430\\u0440\\u0430\"]}}]', 3, 12),
(392, '2024-06-20 21:12:06.629399', '122', 'Количество вентиляторов - Охлаждение компьютера', 1, '[{\"added\": {}}]', 3, 12),
(393, '2024-06-20 21:12:33.398326', '123', 'Макс. скорость вращения, об/мин - Охлаждение компьютера', 1, '[{\"added\": {}}]', 3, 12),
(394, '2024-06-20 21:12:59.599191', '124', 'Макс. воздушный поток, CFM - Охлаждение компьютера', 1, '[{\"added\": {}}]', 3, 12),
(395, '2024-06-20 21:13:15.875390', '125', 'Макс. уровень шума, дБ - Охлаждение компьютера', 1, '[{\"added\": {}}]', 3, 12),
(396, '2024-06-20 21:13:28.934463', '125', 'Макс. уровень шума, дБ - Охлаждение компьютера', 2, '[{\"changed\": {\"fields\": [\"\\u041a\\u0430\\u0442\\u0435\\u0433\\u043e\\u0440\\u0438\\u044f x\\u0430\\u0440\\u0430\\u043a\\u0442\\u0435\\u0440\\u0438\\u0441\\u0442\\u0438\\u043a\\u0438\"]}}]', 3, 12),
(397, '2024-06-20 21:14:15.114198', '126', 'Диаметр вентилятора, мм - Охлаждение компьютера', 1, '[{\"added\": {}}]', 3, 12),
(398, '2024-06-20 21:15:08.337534', '127', 'Высота, мм - Все', 1, '[{\"added\": {}}]', 3, 12),
(399, '2024-06-20 21:15:25.886572', '128', 'Ширина, мм - Все', 1, '[{\"added\": {}}]', 3, 12),
(400, '2024-06-20 21:16:37.976318', '129', 'Глубина, мм - Все', 1, '[{\"added\": {}}]', 3, 12),
(401, '2024-06-20 21:16:44.196817', '129', 'Глубина, мм - Все', 2, '[{\"changed\": {\"fields\": [\"\\u041e\\u043f\\u0438\\u0441\\u0430\\u043d\\u0438\\u0435 \\u0445\\u0430\\u0440\\u0430\\u043a\\u0442\\u0435\\u0440\\u0438\\u0441\\u043a\\u0438\\u043a\\u0438\"]}}]', 3, 12),
(402, '2024-06-20 21:17:26.737620', '130', 'Размеры, мм - Все', 1, '[{\"added\": {}}]', 3, 12),
(403, '2024-06-20 21:17:41.985679', '131', 'Тип подшипника - Охлаждение компьютера', 1, '[{\"added\": {}}]', 3, 12),
(404, '2024-06-20 21:17:58.327783', '132', 'Материал ядра радиатора - Охлаждение компьютера', 1, '[{\"added\": {}}]', 3, 12),
(405, '2024-06-20 21:18:15.240139', '133', 'Материал ребер радиатора - Охлаждение компьютера', 1, '[{\"added\": {}}]', 3, 12),
(406, '2024-06-20 21:18:49.043653', '134', 'Цвет подсветки - Все', 1, '[{\"added\": {}}]', 3, 12),
(407, '2024-06-20 21:19:08.504044', '135', 'Подсветка - Все', 1, '[{\"added\": {}}]', 3, 12),
(408, '2024-06-20 21:19:11.676897', '134', 'Цвет подсветки - Все', 2, '[]', 3, 12),
(409, '2024-06-20 21:19:16.889015', '135', 'Подсветка - Все', 2, '[]', 3, 12),
(410, '2024-06-20 21:19:42.901032', '136', 'Коннектор питания - Охлаждение компьютера', 1, '[{\"added\": {}}]', 3, 12),
(411, '2024-06-20 21:19:56.244944', '136', 'Коннектор питания - Все', 2, '[{\"changed\": {\"fields\": [\"\\u041a\\u0430\\u0442\\u0435\\u0433\\u043e\\u0440\\u0438\\u044f \\u0442\\u043e\\u0432\\u0430\\u0440\\u0430\"]}}]', 3, 12),
(412, '2024-06-20 21:20:40.375250', '137', 'Количество в упаковке, шт - Все', 1, '[{\"added\": {}}]', 3, 12),
(413, '2024-06-20 21:21:02.623031', '8', 'Система водяного охлаждения', 1, '[{\"added\": {}}, {\"added\": {\"name\": \"\\u041a\\u0430\\u0440\\u0442\\u0438\\u043d\\u043a\\u0430 \\u043a \\u0442\\u043e\\u0432\\u0430\\u0440\\u0443\", \"object\": \"\\u0421\\u0438\\u0441\\u0442\\u0435\\u043c\\u0430 \\u0432\\u043e\\u0434\\u044f\\u043d\\u043e\\u0433\\u043e \\u043e\\u0445\\u043b\\u0430\\u0436\\u0434\\u0435\\u043d\\u0438\\u044f\"}}, {\"added\": {\"name\": \"\\u041a\\u0430\\u0440\\u0442\\u0438\\u043d\\u043a\\u0430 \\u043a \\u0442\\u043e\\u0432\\u0430\\u0440\\u0443\", \"object\": \"\\u0421\\u0438\\u0441\\u0442\\u0435\\u043c\\u0430 \\u0432\\u043e\\u0434\\u044f\\u043d\\u043e\\u0433\\u043e \\u043e\\u0445\\u043b\\u0430\\u0436\\u0434\\u0435\\u043d\\u0438\\u044f\"}}, {\"added\": {\"name\": \"\\u041a\\u0430\\u0440\\u0442\\u0438\\u043d\\u043a\\u0430 \\u043a \\u0442\\u043e\\u0432\\u0430\\u0440\\u0443\", \"object\": \"\\u0421\\u0438\\u0441\\u0442\\u0435\\u043c\\u0430 \\u0432\\u043e\\u0434\\u044f\\u043d\\u043e\\u0433\\u043e \\u043e\\u0445\\u043b\\u0430\\u0436\\u0434\\u0435\\u043d\\u0438\\u044f\"}}, {\"added\": {\"name\": \"\\u0425\\u0430\\u0440\\u0430\\u043a\\u0442\\u0435\\u0440\\u0438\\u0441\\u0442\\u0438\\u043a\\u0443 \\u043a \\u0442\\u043e\\u0432\\u0430\\u0440\\u0443\", \"object\": \"\\u0414\\u043e\\u043f\\u043e\\u043b\\u043d\\u0438\\u0442\\u0435\\u043b\\u044c\\u043d\\u044b\\u0435\"}}, {\"added\": {\"name\": \"\\u0425\\u0430\\u0440\\u0430\\u043a\\u0442\\u0435\\u0440\\u0438\\u0441\\u0442\\u0438\\u043a\\u0443 \\u043a \\u0442\\u043e\\u0432\\u0430\\u0440\\u0443\", \"object\": \"\\u0422\\u0435\\u0445\\u043d\\u0438\\u0447\\u0435\\u0441\\u043a\\u0438\\u0435 \\u0445\\u0430\\u0440\\u0430\\u043a\\u0442\\u0435\\u0440\\u0438\\u0441\\u0442\\u0438\\u043a\\u0438\"}}, {\"added\": {\"name\": \"\\u0425\\u0430\\u0440\\u0430\\u043a\\u0442\\u0435\\u0440\\u0438\\u0441\\u0442\\u0438\\u043a\\u0443 \\u043a \\u0442\\u043e\\u0432\\u0430\\u0440\\u0443\", \"object\": \"\\u041e\\u0431\\u0449\\u0438\\u0435\"}}, {\"added\": {\"name\": \"\\u0425\\u0430\\u0440\\u0430\\u043a\\u0442\\u0435\\u0440\\u0438\\u0441\\u0442\\u0438\\u043a\\u0443 \\u043a \\u0442\\u043e\\u0432\\u0430\\u0440\\u0443\", \"object\": \"\\u041a\\u043e\\u043d\\u0441\\u0442\\u0440\\u0443\\u043a\\u0446\\u0438\\u044f\"}}, {\"added\": {\"name\": \"\\u0425\\u0430\\u0440\\u0430\\u043a\\u0442\\u0435\\u0440\\u0438\\u0441\\u0442\\u0438\\u043a\\u0443 \\u043a \\u0442\\u043e\\u0432\\u0430\\u0440\\u0443\", \"object\": \"\\u0422\\u0435\\u0445\\u043d\\u0438\\u0447\\u0435\\u0441\\u043a\\u0438\\u0435 \\u0445\\u0430\\u0440\\u0430\\u043a\\u0442\\u0435\\u0440\\u0438\\u0441\\u0442\\u0438\\u043a\\u0438\"}}, {\"added\": {\"name\": \"\\u0425\\u0430\\u0440\\u0430\\u043a\\u0442\\u0435\\u0440\\u0438\\u0441\\u0442\\u0438\\u043a\\u0443 \\u043a \\u0442\\u043e\\u0432\\u0430\\u0440\\u0443\", \"object\": \"\\u0422\\u0435\\u0445\\u043d\\u0438\\u0447\\u0435\\u0441\\u043a\\u0438\\u0435 \\u0445\\u0430\\u0440\\u0430\\u043a\\u0442\\u0435\\u0440\\u0438\\u0441\\u0442\\u0438\\u043a\\u0438\"}}, {\"added\": {\"name\": \"\\u0425\\u0430\\u0440\\u0430\\u043a\\u0442\\u0435\\u0440\\u0438\\u0441\\u0442\\u0438\\u043a\\u0443 \\u043a \\u0442\\u043e\\u0432\\u0430\\u0440\\u0443\", \"object\": \"\\u0422\\u0435\\u0445\\u043d\\u0438\\u0447\\u0435\\u0441\\u043a\\u0438\\u0435 \\u0445\\u0430\\u0440\\u0430\\u043a\\u0442\\u0435\\u0440\\u0438\\u0441\\u0442\\u0438\\u043a\\u0438\"}}, {\"added\": {\"name\": \"\\u0425\\u0430\\u0440\\u0430\\u043a\\u0442\\u0435\\u0440\\u0438\\u0441\\u0442\\u0438\\u043a\\u0443 \\u043a \\u0442\\u043e\\u0432\\u0430\\u0440\\u0443\", \"object\": \"\\u0413\\u0430\\u0431\\u0430\\u0440\\u0438\\u0442\\u044b \\u0438 \\u0432\\u0435\\u0441\"}}, {\"added\": {\"name\": \"\\u0425\\u0430\\u0440\\u0430\\u043a\\u0442\\u0435\\u0440\\u0438\\u0441\\u0442\\u0438\\u043a\\u0443 \\u043a \\u0442\\u043e\\u0432\\u0430\\u0440\\u0443\", \"object\": \"\\u0413\\u0430\\u0431\\u0430\\u0440\\u0438\\u0442\\u044b \\u0438 \\u0432\\u0435\\u0441\"}}, {\"added\": {\"name\": \"\\u0425\\u0430\\u0440\\u0430\\u043a\\u0442\\u0435\\u0440\\u0438\\u0441\\u0442\\u0438\\u043a\\u0443 \\u043a \\u0442\\u043e\\u0432\\u0430\\u0440\\u0443\", \"object\": \"\\u0413\\u0430\\u0431\\u0430\\u0440\\u0438\\u0442\\u044b \\u0438 \\u0432\\u0435\\u0441\"}}, {\"added\": {\"name\": \"\\u0425\\u0430\\u0440\\u0430\\u043a\\u0442\\u0435\\u0440\\u0438\\u0441\\u0442\\u0438\\u043a\\u0443 \\u043a \\u0442\\u043e\\u0432\\u0430\\u0440\\u0443\", \"object\": \"\\u0413\\u0430\\u0431\\u0430\\u0440\\u0438\\u0442\\u044b \\u0438 \\u0432\\u0435\\u0441\"}}, {\"added\": {\"name\": \"\\u0425\\u0430\\u0440\\u0430\\u043a\\u0442\\u0435\\u0440\\u0438\\u0441\\u0442\\u0438\\u043a\\u0443 \\u043a \\u0442\\u043e\\u0432\\u0430\\u0440\\u0443\", \"object\": \"\\u0413\\u0430\\u0431\\u0430\\u0440\\u0438\\u0442\\u044b \\u0438 \\u0432\\u0435\\u0441\"}}, {\"added\": {\"name\": \"\\u0425\\u0430\\u0440\\u0430\\u043a\\u0442\\u0435\\u0440\\u0438\\u0441\\u0442\\u0438\\u043a\\u0443 \\u043a \\u0442\\u043e\\u0432\\u0430\\u0440\\u0443\", \"object\": \"\\u041a\\u043e\\u043d\\u0441\\u0442\\u0440\\u0443\\u043a\\u0446\\u0438\\u044f\"}}, {\"added\": {\"name\": \"\\u0425\\u0430\\u0440\\u0430\\u043a\\u0442\\u0435\\u0440\\u0438\\u0441\\u0442\\u0438\\u043a\\u0443 \\u043a \\u0442\\u043e\\u0432\\u0430\\u0440\\u0443\", \"object\": \"\\u041a\\u043e\\u043d\\u0441\\u0442\\u0440\\u0443\\u043a\\u0446\\u0438\\u044f\"}}, {\"added\": {\"name\": \"\\u0425\\u0430\\u0440\\u0430\\u043a\\u0442\\u0435\\u0440\\u0438\\u0441\\u0442\\u0438\\u043a\\u0443 \\u043a \\u0442\\u043e\\u0432\\u0430\\u0440\\u0443\", \"object\": \"\\u041a\\u043e\\u043d\\u0441\\u0442\\u0440\\u0443\\u043a\\u0446\\u0438\\u044f\"}}, {\"added\": {\"name\": \"\\u0425\\u0430\\u0440\\u0430\\u043a\\u0442\\u0435\\u0440\\u0438\\u0441\\u0442\\u0438\\u043a\\u0443 \\u043a \\u0442\\u043e\\u0432\\u0430\\u0440\\u0443\", \"object\": \"\\u0412\\u043d\\u0435\\u0448\\u043d\\u0438\\u0439 \\u0432\\u0438\\u0434\"}}, {\"added\": {\"name\": \"\\u0425\\u0430\\u0440\\u0430\\u043a\\u0442\\u0435\\u0440\\u0438\\u0441\\u0442\\u0438\\u043a\\u0443 \\u043a \\u0442\\u043e\\u0432\\u0430\\u0440\\u0443\", \"object\": \"\\u0412\\u043d\\u0435\\u0448\\u043d\\u0438\\u0439 \\u0432\\u0438\\u0434\"}}, {\"added\": {\"name\": \"\\u0425\\u0430\\u0440\\u0430\\u043a\\u0442\\u0435\\u0440\\u0438\\u0441\\u0442\\u0438\\u043a\\u0443 \\u043a \\u0442\\u043e\\u0432\\u0430\\u0440\\u0443\", \"object\": \"\\u041f\\u043e\\u0434\\u043a\\u043b\\u044e\\u0447\\u0435\\u043d\\u0438\\u0435\"}}, {\"added\": {\"name\": \"\\u0425\\u0430\\u0440\\u0430\\u043a\\u0442\\u0435\\u0440\\u0438\\u0441\\u0442\\u0438\\u043a\\u0443 \\u043a \\u0442\\u043e\\u0432\\u0430\\u0440\\u0443\", \"object\": \"\\u0414\\u043e\\u043f\\u043e\\u043b\\u043d\\u0438\\u0442\\u0435\\u043b\\u044c\\u043d\\u044b\\u0435\"}}, {\"added\": {\"name\": \"\\u0425\\u0430\\u0440\\u0430\\u043a\\u0442\\u0435\\u0440\\u0438\\u0441\\u0442\\u0438\\u043a\\u0443 \\u043a \\u0442\\u043e\\u0432\\u0430\\u0440\\u0443\", \"object\": \"\\u0414\\u043e\\u043f\\u043e\\u043b\\u043d\\u0438\\u0442\\u0435\\u043b\\u044c\\u043d\\u044b\\u0435\"}}, {\"added\": {\"name\": \"\\u0425\\u0430\\u0440\\u0430\\u043a\\u0442\\u0435\\u0440\\u0438\\u0441\\u0442\\u0438\\u043a\\u0443 \\u043a \\u0442\\u043e\\u0432\\u0430\\u0440\\u0443\", \"object\": \"\\u0414\\u043e\\u043f\\u043e\\u043b\\u043d\\u0438\\u0442\\u0435\\u043b\\u044c\\u043d\\u044b\\u0435\"}}, {\"added\": {\"name\": \"\\u0425\\u0430\\u0440\\u0430\\u043a\\u0442\\u0435\\u0440\\u0438\\u0441\\u0442\\u0438\\u043a\\u0443 \\u043a \\u0442\\u043e\\u0432\\u0430\\u0440\\u0443\", \"object\": \"\\u0414\\u043e\\u043f\\u043e\\u043b\\u043d\\u0438\\u0442\\u0435\\u043b\\u044c\\u043d\\u044b\\u0435\"}}, {\"added\": {\"name\": \"\\u0425\\u0430\\u0440\\u0430\\u043a\\u0442\\u0435\\u0440\\u0438\\u0441\\u0442\\u0438\\u043a\\u0443 \\u043a \\u0442\\u043e\\u0432\\u0430\\u0440\\u0443\", \"object\": \"\\u0414\\u043e\\u043f\\u043e\\u043b\\u043d\\u0438\\u0442\\u0435\\u043b\\u044c\\u043d\\u044b\\u0435\"}}, {\"added\": {\"name\": \"\\u0425\\u0430\\u0440\\u0430\\u043a\\u0442\\u0435\\u0440\\u0438\\u0441\\u0442\\u0438\\u043a\\u0443 \\u043a \\u0442\\u043e\\u0432\\u0430\\u0440\\u0443\", \"object\": \"\\u0414\\u043e\\u043f\\u043e\\u043b\\u043d\\u0438\\u0442\\u0435\\u043b\\u044c\\u043d\\u044b\\u0435\"}}]', 4, 12),
(414, '2024-11-07 15:40:59.901882', '8', 'Система водяного охлаждения ЮКОМС', 2, '[{\"changed\": {\"fields\": [\"\\u041d\\u0430\\u0437\\u0432\\u0430\\u043d\\u0438\\u0435\"]}}]', 4, 12),
(415, '2024-11-07 15:41:37.218374', '1', 'Процессор Intel Core i5 11400', 2, '[{\"changed\": {\"fields\": [\"\\u041d\\u0430\\u0437\\u0432\\u0430\\u043d\\u0438\\u0435\"]}}]', 4, 12),
(416, '2024-11-07 15:42:19.413261', '7', 'Блок питания Redragon RGPS-750W', 2, '[{\"changed\": {\"fields\": [\"\\u041d\\u0430\\u0437\\u0432\\u0430\\u043d\\u0438\\u0435\"]}}]', 4, 12),
(417, '2024-11-07 15:42:51.174988', '6', 'Корпус Ginzzu B150 mATX', 2, '[{\"changed\": {\"fields\": [\"\\u041d\\u0430\\u0437\\u0432\\u0430\\u043d\\u0438\\u0435\"]}}]', 4, 12),
(418, '2024-11-07 15:43:16.250809', '5', 'Оперативная память HyperX PC3-12800U', 2, '[{\"changed\": {\"fields\": [\"\\u041d\\u0430\\u0437\\u0432\\u0430\\u043d\\u0438\\u0435\"]}}]', 4, 12),
(419, '2024-11-07 15:43:37.394733', '4', 'Материнская плата Gigabyte B450M Gaming', 2, '[{\"changed\": {\"fields\": [\"\\u041d\\u0430\\u0437\\u0432\\u0430\\u043d\\u0438\\u0435\"]}}]', 4, 12),
(420, '2024-11-07 15:44:07.967086', '2', 'Видеокарта AMD Radeon RX 7900 XTX', 2, '[{\"changed\": {\"fields\": [\"\\u041d\\u0430\\u0437\\u0432\\u0430\\u043d\\u0438\\u0435\"]}}]', 4, 12),
(421, '2024-11-18 16:51:29.797891', '296', 'Товар Материнская плата Gigabyte B450M Gaming для пользователя admin', 2, '[{\"changed\": {\"fields\": [\"\\u0412\\u044b\\u0431\\u0440\\u0430\\u043d \\u043b\\u0438 \\u0442\\u043e\\u0432\\u0430\\u0440\"]}}]', 17, 12),
(422, '2024-11-18 18:20:19.730332', '299', 'Товар Материнская плата Gigabyte B450M Gaming для пользователя admin', 2, '[{\"changed\": {\"fields\": [\"\\u0412\\u044b\\u0431\\u0440\\u0430\\u043d \\u043b\\u0438 \\u0442\\u043e\\u0432\\u0430\\u0440\"]}}]', 17, 12),
(423, '2024-11-18 18:20:22.382302', '298', 'Товар Система водяного охлаждения ЮКОМС для пользователя admin', 2, '[{\"changed\": {\"fields\": [\"\\u0412\\u044b\\u0431\\u0440\\u0430\\u043d \\u043b\\u0438 \\u0442\\u043e\\u0432\\u0430\\u0440\"]}}]', 17, 12),
(424, '2024-11-18 18:20:33.143882', '298', 'Товар Система водяного охлаждения ЮКОМС для пользователя admin', 2, '[{\"changed\": {\"fields\": [\"\\u0412\\u044b\\u0431\\u0440\\u0430\\u043d \\u043b\\u0438 \\u0442\\u043e\\u0432\\u0430\\u0440\"]}}]', 17, 12),
(425, '2025-01-12 15:22:27.954452', '4', 'gogot', 3, '', 20, 12),
(426, '2025-01-12 15:22:27.960302', '3', 'gogot', 3, '', 20, 12),
(427, '2025-01-12 17:18:28.772475', '5', 'gogot', 1, '[{\"added\": {}}]', 20, 12),
(428, '2025-01-12 17:18:35.312201', '5', 'gogot', 3, '', 20, 12),
(429, '2025-01-16 19:00:32.463738', '8', 'admin', 3, '', 20, 12),
(430, '2025-01-16 19:00:32.468738', '7', 'admin', 3, '', 20, 12),
(431, '2025-01-16 19:00:32.473738', '6', 'admin', 3, '', 20, 12),
(432, '2025-01-16 19:12:24.393703', '17', 'Процессор Intel Core i5 11400', 3, '', 21, 12),
(433, '2025-01-16 19:12:24.396331', '16', 'Процессор Intel Core i5 11400', 3, '', 21, 12),
(434, '2025-01-16 19:12:24.398359', '15', 'Материнская плата Gigabyte B450M Gaming', 3, '', 21, 12),
(435, '2025-01-16 19:12:24.400355', '14', 'Оперативная память HyperX PC3-12800U', 3, '', 21, 12),
(436, '2025-01-16 19:12:24.404357', '13', 'Оперативная память HyperX PC3-12800U', 3, '', 21, 12),
(437, '2025-01-16 19:12:24.406358', '12', 'Видеокарта AMD Radeon RX 7900 XTX', 3, '', 21, 12),
(438, '2025-01-19 12:37:37.373347', '11', 'admin', 3, '', 20, 12),
(439, '2025-01-19 12:37:37.376351', '10', 'admin', 3, '', 20, 12),
(440, '2025-01-19 12:37:37.380231', '9', 'admin', 3, '', 20, 12),
(441, '2025-01-19 12:39:16.937732', '44', 'Оперативная память HyperX PC3-12800U', 3, '', 21, 12),
(442, '2025-01-19 12:39:16.940192', '43', 'Система водяного охлаждения ЮКОМС', 3, '', 21, 12),
(443, '2025-01-19 12:39:16.942193', '42', 'Процессор Intel Core i5 11400', 3, '', 21, 12),
(444, '2025-01-19 12:39:16.944190', '41', 'Блок питания Redragon RGPS-750W', 3, '', 21, 12),
(445, '2025-01-19 12:39:16.946204', '40', 'Оперативная память HyperX PC3-12800U', 3, '', 21, 12),
(446, '2025-01-19 12:39:16.949205', '39', 'Система водяного охлаждения ЮКОМС', 3, '', 21, 12),
(447, '2025-01-19 12:39:16.952204', '38', 'Процессор Intel Core i5 11400', 3, '', 21, 12),
(448, '2025-01-19 12:39:16.954205', '37', 'Блок питания Redragon RGPS-750W', 3, '', 21, 12),
(449, '2025-01-19 12:39:16.956069', '36', 'Оперативная память HyperX PC3-12800U', 3, '', 21, 12),
(450, '2025-01-19 12:39:16.957079', '35', 'Система водяного охлаждения ЮКОМС', 3, '', 21, 12),
(451, '2025-01-19 12:39:16.960081', '34', 'Процессор Intel Core i5 11400', 3, '', 21, 12),
(452, '2025-01-19 12:39:16.962107', '33', 'Блок питания Redragon RGPS-750W', 3, '', 21, 12),
(453, '2025-01-19 12:39:16.964077', '32', 'Оперативная память HyperX PC3-12800U', 3, '', 21, 12),
(454, '2025-01-19 12:39:16.965079', '31', 'Система водяного охлаждения ЮКОМС', 3, '', 21, 12),
(455, '2025-01-19 12:39:16.967106', '30', 'Процессор Intel Core i5 11400', 3, '', 21, 12),
(456, '2025-01-19 12:39:16.968081', '29', 'Блок питания Redragon RGPS-750W', 3, '', 21, 12),
(457, '2025-01-19 12:39:16.970089', '28', 'Оперативная память HyperX PC3-12800U', 3, '', 21, 12),
(458, '2025-01-19 12:39:16.972129', '27', 'Система водяного охлаждения ЮКОМС', 3, '', 21, 12),
(459, '2025-01-19 12:39:16.973835', '26', 'Процессор Intel Core i5 11400', 3, '', 21, 12),
(460, '2025-01-19 12:39:16.974834', '25', 'Блок питания Redragon RGPS-750W', 3, '', 21, 12),
(461, '2025-01-19 12:39:16.977836', '24', 'Оперативная память HyperX PC3-12800U', 3, '', 21, 12),
(462, '2025-01-19 12:39:16.978835', '23', 'Система водяного охлаждения ЮКОМС', 3, '', 21, 12),
(463, '2025-01-19 12:39:16.980835', '22', 'Процессор Intel Core i5 11400', 3, '', 21, 12),
(464, '2025-01-19 12:39:16.982834', '21', 'Блок питания Redragon RGPS-750W', 3, '', 21, 12),
(465, '2025-01-19 12:39:16.983835', '20', 'Блок питания Redragon RGPS-750W', 3, '', 21, 12),
(466, '2025-01-19 12:39:16.985849', '19', 'Блок питания Redragon RGPS-750W', 3, '', 21, 12),
(467, '2025-01-19 12:39:16.987835', '18', 'Блок питания Redragon RGPS-750W', 3, '', 21, 12),
(468, '2025-01-19 12:41:02.833368', '12', 'admin', 3, '', 20, 12),
(469, '2025-01-19 12:41:49.102876', '13', 'admin', 3, '', 20, 12),
(470, '2025-01-19 12:41:52.561475', '48', 'Оперативная память HyperX PC3-12800U', 3, '', 21, 12),
(471, '2025-01-19 12:41:52.565017', '47', 'Система водяного охлаждения ЮКОМС', 3, '', 21, 12),
(472, '2025-01-19 12:41:52.568070', '46', 'Процессор Intel Core i5 11400', 3, '', 21, 12),
(473, '2025-01-19 12:41:52.570070', '45', 'Блок питания Redragon RGPS-750W', 3, '', 21, 12),
(474, '2025-01-19 12:43:08.481451', '52', 'Оперативная память HyperX PC3-12800U', 3, '', 21, 12),
(475, '2025-01-19 12:43:08.484013', '51', 'Система водяного охлаждения ЮКОМС', 3, '', 21, 12),
(476, '2025-01-19 12:43:08.485999', '50', 'Процессор Intel Core i5 11400', 3, '', 21, 12),
(477, '2025-01-19 12:43:08.488012', '49', 'Блок питания Redragon RGPS-750W', 3, '', 21, 12),
(478, '2025-01-19 12:43:24.164863', '56', 'Оперативная память HyperX PC3-12800U', 3, '', 21, 12),
(479, '2025-01-19 12:43:24.167102', '55', 'Система водяного охлаждения ЮКОМС', 3, '', 21, 12),
(480, '2025-01-19 12:43:24.170103', '54', 'Процессор Intel Core i5 11400', 3, '', 21, 12),
(481, '2025-01-19 12:43:24.174096', '53', 'Блок питания Redragon RGPS-750W', 3, '', 21, 12),
(482, '2025-01-19 12:44:19.514483', '60', 'Оперативная память HyperX PC3-12800U', 3, '', 21, 12),
(483, '2025-01-19 12:44:19.517480', '59', 'Система водяного охлаждения ЮКОМС', 3, '', 21, 12),
(484, '2025-01-19 12:44:19.520481', '58', 'Процессор Intel Core i5 11400', 3, '', 21, 12),
(485, '2025-01-19 12:44:19.522479', '57', 'Блок питания Redragon RGPS-750W', 3, '', 21, 12),
(486, '2025-01-19 12:44:37.816516', '64', 'Оперативная память HyperX PC3-12800U', 3, '', 21, 12),
(487, '2025-01-19 12:44:37.819900', '63', 'Система водяного охлаждения ЮКОМС', 3, '', 21, 12),
(488, '2025-01-19 12:44:37.821938', '62', 'Процессор Intel Core i5 11400', 3, '', 21, 12),
(489, '2025-01-19 12:44:37.824001', '61', 'Блок питания Redragon RGPS-750W', 3, '', 21, 12),
(490, '2025-01-19 12:44:46.467049', '14', 'admin', 3, '', 20, 12),
(491, '2025-01-19 12:46:52.551856', '68', 'Оперативная память HyperX PC3-12800U', 3, '', 21, 12),
(492, '2025-01-19 12:46:52.554945', '67', 'Система водяного охлаждения ЮКОМС', 3, '', 21, 12),
(493, '2025-01-19 12:46:52.557008', '66', 'Процессор Intel Core i5 11400', 3, '', 21, 12),
(494, '2025-01-19 12:46:52.559005', '65', 'Блок питания Redragon RGPS-750W', 3, '', 21, 12),
(495, '2025-01-19 12:46:56.780617', '15', 'admin', 3, '', 20, 12),
(496, '2025-01-19 12:49:21.544270', '16', 'admin', 3, '', 20, 12),
(497, '2025-01-19 12:49:26.314871', '72', 'Оперативная память HyperX PC3-12800U', 3, '', 21, 12),
(498, '2025-01-19 12:49:26.317663', '71', 'Система водяного охлаждения ЮКОМС', 3, '', 21, 12),
(499, '2025-01-19 12:49:26.325675', '70', 'Процессор Intel Core i5 11400', 3, '', 21, 12),
(500, '2025-01-19 12:49:26.328662', '69', 'Блок питания Redragon RGPS-750W', 3, '', 21, 12),
(501, '2025-01-19 12:51:44.895098', '80', 'Оперативная память HyperX PC3-12800U', 3, '', 21, 12),
(502, '2025-01-19 12:51:44.898081', '79', 'Система водяного охлаждения ЮКОМС', 3, '', 21, 12),
(503, '2025-01-19 12:51:44.900081', '78', 'Процессор Intel Core i5 11400', 3, '', 21, 12),
(504, '2025-01-19 12:51:44.902111', '77', 'Блок питания Redragon RGPS-750W', 3, '', 21, 12),
(505, '2025-01-19 12:51:44.904081', '76', 'Оперативная память HyperX PC3-12800U', 3, '', 21, 12),
(506, '2025-01-19 12:51:44.905084', '75', 'Система водяного охлаждения ЮКОМС', 3, '', 21, 12),
(507, '2025-01-19 12:51:44.909085', '74', 'Процессор Intel Core i5 11400', 3, '', 21, 12),
(508, '2025-01-19 12:51:44.911081', '73', 'Блок питания Redragon RGPS-750W', 3, '', 21, 12),
(509, '2025-01-19 12:51:50.300555', '18', 'admin', 3, '', 20, 12),
(510, '2025-01-19 12:51:50.303550', '17', 'admin', 3, '', 20, 12),
(511, '2025-01-19 12:57:22.994456', '95', 'Оперативная память HyperX PC3-12800U', 3, '', 21, 12),
(512, '2025-01-19 12:57:22.998247', '94', 'Система водяного охлаждения ЮКОМС', 3, '', 21, 12),
(513, '2025-01-19 12:57:23.001190', '93', 'Процессор Intel Core i5 11400', 3, '', 21, 12),
(514, '2025-01-19 12:57:23.003189', '92', 'Блок питания Redragon RGPS-750W', 3, '', 21, 12),
(515, '2025-01-19 12:57:23.004216', '91', 'Оперативная память HyperX PC3-12800U', 3, '', 21, 12),
(516, '2025-01-19 12:57:23.006215', '90', 'Система водяного охлаждения ЮКОМС', 3, '', 21, 12),
(517, '2025-01-19 12:57:23.008217', '89', 'Процессор Intel Core i5 11400', 3, '', 21, 12),
(518, '2025-01-19 12:57:23.010189', '88', 'Блок питания Redragon RGPS-750W', 3, '', 21, 12),
(519, '2025-01-19 12:57:23.015079', '87', 'Система водяного охлаждения ЮКОМС', 3, '', 21, 12),
(520, '2025-01-19 12:57:23.017102', '86', 'Процессор Intel Core i5 11400', 3, '', 21, 12),
(521, '2025-01-19 12:57:23.018837', '85', 'Блок питания Redragon RGPS-750W', 3, '', 21, 12),
(522, '2025-01-19 12:57:23.019856', '84', 'Оперативная память HyperX PC3-12800U', 3, '', 21, 12),
(523, '2025-01-19 12:57:23.021862', '83', 'Система водяного охлаждения ЮКОМС', 3, '', 21, 12),
(524, '2025-01-19 12:57:23.023888', '82', 'Процессор Intel Core i5 11400', 3, '', 21, 12),
(525, '2025-01-19 12:57:23.025888', '81', 'Блок питания Redragon RGPS-750W', 3, '', 21, 12),
(526, '2025-01-19 12:57:50.461637', '99', 'Оперативная память HyperX PC3-12800U', 3, '', 21, 12),
(527, '2025-01-19 12:57:50.463542', '98', 'Система водяного охлаждения ЮКОМС', 3, '', 21, 12),
(528, '2025-01-19 12:57:50.465834', '97', 'Процессор Intel Core i5 11400', 3, '', 21, 12),
(529, '2025-01-19 12:57:50.467834', '96', 'Блок питания Redragon RGPS-750W', 3, '', 21, 12),
(530, '2025-01-19 12:58:24.264305', '103', 'Оперативная память HyperX PC3-12800U', 3, '', 21, 12),
(531, '2025-01-19 12:58:24.267305', '102', 'Система водяного охлаждения ЮКОМС', 3, '', 21, 12),
(532, '2025-01-19 12:58:24.269305', '101', 'Процессор Intel Core i5 11400', 3, '', 21, 12),
(533, '2025-01-19 12:58:24.271305', '100', 'Блок питания Redragon RGPS-750W', 3, '', 21, 12),
(534, '2025-01-19 12:58:28.271599', '21', 'admin', 3, '', 20, 12),
(535, '2025-01-19 12:58:28.274637', '20', 'admin', 3, '', 20, 12),
(536, '2025-01-19 12:58:28.276622', '19', 'admin', 3, '', 20, 12),
(537, '2025-01-19 12:59:22.938613', '23', 'admin', 3, '', 20, 12),
(538, '2025-01-19 12:59:22.941614', '22', 'admin', 3, '', 20, 12),
(539, '2025-01-19 12:59:27.274777', '110', 'Система водяного охлаждения ЮКОМС', 3, '', 21, 12),
(540, '2025-01-19 12:59:27.277066', '109', 'Процессор Intel Core i5 11400', 3, '', 21, 12),
(541, '2025-01-19 12:59:27.279082', '108', 'Блок питания Redragon RGPS-750W', 3, '', 21, 12),
(542, '2025-01-19 12:59:27.280876', '107', 'Оперативная память HyperX PC3-12800U', 3, '', 21, 12),
(543, '2025-01-19 12:59:27.284145', '106', 'Система водяного охлаждения ЮКОМС', 3, '', 21, 12),
(544, '2025-01-19 12:59:27.287111', '105', 'Процессор Intel Core i5 11400', 3, '', 21, 12),
(545, '2025-01-19 12:59:27.289168', '104', 'Блок питания Redragon RGPS-750W', 3, '', 21, 12),
(546, '2025-01-19 13:25:57.754038', '114', 'Оперативная память HyperX PC3-12800U', 3, '', 21, 12),
(547, '2025-01-19 13:25:57.757203', '113', 'Система водяного охлаждения ЮКОМС', 3, '', 21, 12),
(548, '2025-01-19 13:25:57.759195', '112', 'Процессор Intel Core i5 11400', 3, '', 21, 12),
(549, '2025-01-19 13:25:57.762141', '111', 'Блок питания Redragon RGPS-750W', 3, '', 21, 12),
(550, '2025-01-19 13:26:04.136609', '24', 'admin', 3, '', 20, 12),
(551, '2025-01-19 13:29:05.211065', '118', 'Оперативная память HyperX PC3-12800U', 3, '', 21, 12),
(552, '2025-01-19 13:29:05.213065', '117', 'Система водяного охлаждения ЮКОМС', 3, '', 21, 12),
(553, '2025-01-19 13:29:05.219065', '116', 'Процессор Intel Core i5 11400', 3, '', 21, 12),
(554, '2025-01-19 13:29:05.221066', '115', 'Блок питания Redragon RGPS-750W', 3, '', 21, 12),
(555, '2025-01-19 13:30:13.426389', '122', 'Оперативная память HyperX PC3-12800U', 3, '', 21, 12),
(556, '2025-01-19 13:30:13.428403', '121', 'Система водяного охлаждения ЮКОМС', 3, '', 21, 12),
(557, '2025-01-19 13:30:13.430404', '120', 'Процессор Intel Core i5 11400', 3, '', 21, 12),
(558, '2025-01-19 13:30:13.432391', '119', 'Блок питания Redragon RGPS-750W', 3, '', 21, 12),
(559, '2025-01-19 13:33:39.915632', '126', 'Оперативная память HyperX PC3-12800U', 3, '', 21, 12),
(560, '2025-01-19 13:33:39.919711', '125', 'Система водяного охлаждения ЮКОМС', 3, '', 21, 12),
(561, '2025-01-19 13:33:39.921685', '124', 'Процессор Intel Core i5 11400', 3, '', 21, 12),
(562, '2025-01-19 13:33:39.924685', '123', 'Блок питания Redragon RGPS-750W', 3, '', 21, 12),
(563, '2025-01-19 13:33:43.701356', '25', 'admin', 3, '', 20, 12),
(564, '2025-01-19 13:35:24.171565', '27', 'admin', 3, '', 20, 12),
(565, '2025-01-19 13:35:24.174560', '26', 'admin', 3, '', 20, 12),
(566, '2025-01-19 13:37:16.244537', '28', 'admin', 3, '', 20, 12),
(567, '2025-01-19 13:37:43.284829', '29', 'admin', 3, '', 20, 12),
(568, '2025-01-19 13:38:12.339182', '30', 'admin', 3, '', 20, 12),
(569, '2025-01-19 13:40:53.232303', '33', 'admin', 3, '', 20, 12),
(570, '2025-01-19 13:40:53.234858', '32', 'admin', 3, '', 20, 12),
(571, '2025-01-19 13:40:53.236878', '31', 'admin', 3, '', 20, 12),
(572, '2025-01-19 13:40:59.313813', '130', 'Оперативная память HyperX PC3-12800U', 3, '', 21, 12),
(573, '2025-01-19 13:40:59.317823', '129', 'Система водяного охлаждения ЮКОМС', 3, '', 21, 12),
(574, '2025-01-19 13:40:59.321823', '128', 'Процессор Intel Core i5 11400', 3, '', 21, 12),
(575, '2025-01-19 13:40:59.325808', '127', 'Блок питания Redragon RGPS-750W', 3, '', 21, 12),
(576, '2025-01-19 13:55:52.569398', '35', 'admin', 2, '[{\"changed\": {\"fields\": [\"\\u0414\\u043e\\u0441\\u0442\\u0430\\u0432\\u043a\\u0430\"]}}]', 20, 12),
(577, '2025-01-19 13:55:56.680707', '35', 'admin', 2, '[{\"changed\": {\"fields\": [\"\\u0414\\u043e\\u0441\\u0442\\u0430\\u0432\\u043a\\u0430\"]}}]', 20, 12),
(578, '2025-01-19 15:16:06.178417', '35', 'admin', 3, '', 20, 12),
(579, '2025-01-19 15:16:06.183719', '34', 'admin', 3, '', 20, 12),
(580, '2025-01-19 15:16:45.817162', '140', 'Корпус Ginzzu B150 mATX', 3, '', 21, 12),
(581, '2025-01-19 15:16:45.822161', '139', 'Система водяного охлаждения ЮКОМС', 3, '', 21, 12),
(582, '2025-01-19 15:16:45.827163', '138', 'Процессор Intel Core i5 11400', 3, '', 21, 12),
(583, '2025-01-19 15:16:45.832161', '137', 'Материнская плата Gigabyte B450M Gaming', 3, '', 21, 12),
(584, '2025-01-19 15:16:45.836162', '136', 'Видеокарта AMD Radeon RX 7900 XTX', 3, '', 21, 12),
(585, '2025-01-19 15:16:45.841164', '135', 'Блок питания Redragon RGPS-750W', 3, '', 21, 12),
(586, '2025-01-19 15:16:45.846162', '134', 'Оперативная память HyperX PC3-12800U', 3, '', 21, 12),
(587, '2025-01-19 15:16:45.851162', '133', 'Система водяного охлаждения ЮКОМС', 3, '', 21, 12),
(588, '2025-01-19 15:16:45.855163', '132', 'Процессор Intel Core i5 11400', 3, '', 21, 12),
(589, '2025-01-19 15:16:45.867161', '131', 'Блок питания Redragon RGPS-750W', 3, '', 21, 12),
(590, '2025-01-19 15:23:05.666785', '39', 'admin', 3, '', 20, 12),
(591, '2025-01-19 15:23:05.672800', '38', 'admin', 3, '', 20, 12),
(592, '2025-01-20 14:17:06.584476', '36', 'admin', 2, '[{\"changed\": {\"fields\": [\"\\u0414\\u043e\\u0441\\u0442\\u0430\\u0432\\u043a\\u0430\"]}}]', 20, 12),
(593, '2025-01-20 14:30:50.140967', '37', 'admin', 2, '[{\"changed\": {\"fields\": [\"\\u0414\\u043e\\u0441\\u0442\\u0430\\u0432\\u043a\\u0430\"]}}]', 20, 12),
(594, '2025-01-20 16:15:40.167894', '40', 'admin', 2, '[{\"changed\": {\"fields\": [\"\\u0414\\u043e\\u0441\\u0442\\u0430\\u0432\\u043a\\u0430\"]}}]', 20, 12),
(595, '2025-01-20 16:15:53.925553', '37', 'admin', 2, '[{\"changed\": {\"fields\": [\"\\u0414\\u043e\\u0441\\u0442\\u0430\\u0432\\u043a\\u0430\"]}}]', 20, 12),
(596, '2025-01-20 16:15:53.928565', '36', 'admin', 2, '[{\"changed\": {\"fields\": [\"\\u0414\\u043e\\u0441\\u0442\\u0430\\u0432\\u043a\\u0430\"]}}]', 20, 12),
(597, '2025-01-20 16:30:18.860937', '36', 'admin', 2, '[{\"changed\": {\"fields\": [\"\\u0414\\u043e\\u0441\\u0442\\u0430\\u0432\\u043a\\u0430\"]}}]', 20, 12),
(598, '2025-01-20 16:30:26.166804', '36', 'admin', 2, '[{\"changed\": {\"fields\": [\"\\u0414\\u043e\\u0441\\u0442\\u0430\\u0432\\u043a\\u0430\"]}}]', 20, 12),
(599, '2025-01-20 16:32:13.542425', '36', 'admin', 2, '[{\"changed\": {\"fields\": [\"\\u0414\\u043e\\u0441\\u0442\\u0430\\u0432\\u043a\\u0430\"]}}]', 20, 12),
(600, '2025-01-20 16:32:39.863036', '36', 'admin', 2, '[{\"changed\": {\"fields\": [\"\\u0414\\u043e\\u0441\\u0442\\u0430\\u0432\\u043a\\u0430\"]}}]', 20, 12),
(601, '2025-01-20 16:33:17.336860', '37', 'admin', 2, '[{\"changed\": {\"fields\": [\"\\u0414\\u043e\\u0441\\u0442\\u0430\\u0432\\u043a\\u0430\"]}}]', 20, 12),
(602, '2025-01-20 16:33:22.558031', '40', 'admin', 2, '[{\"changed\": {\"fields\": [\"\\u0414\\u043e\\u0441\\u0442\\u0430\\u0432\\u043a\\u0430\"]}}]', 20, 12),
(603, '2025-01-20 16:34:27.416388', '40', 'admin', 2, '[{\"changed\": {\"fields\": [\"\\u0414\\u043e\\u0441\\u0442\\u0430\\u0432\\u043a\\u0430\"]}}]', 20, 12),
(604, '2025-01-20 16:34:38.784345', '37', 'admin', 2, '[{\"changed\": {\"fields\": [\"\\u0414\\u043e\\u0441\\u0442\\u0430\\u0432\\u043a\\u0430\"]}}]', 20, 12),
(605, '2025-01-20 16:34:47.359328', '40', 'admin', 2, '[{\"changed\": {\"fields\": [\"\\u0414\\u043e\\u0441\\u0442\\u0430\\u0432\\u043a\\u0430\"]}}]', 20, 12),
(606, '2025-01-20 16:34:47.362329', '37', 'admin', 2, '[{\"changed\": {\"fields\": [\"\\u0414\\u043e\\u0441\\u0442\\u0430\\u0432\\u043a\\u0430\"]}}]', 20, 12),
(607, '2025-01-20 16:35:00.563226', '40', 'admin', 2, '[{\"changed\": {\"fields\": [\"\\u0414\\u043e\\u0441\\u0442\\u0430\\u0432\\u043a\\u0430\"]}}]', 20, 12),
(608, '2025-01-20 16:35:02.793077', '40', 'admin', 2, '[{\"changed\": {\"fields\": [\"\\u0414\\u043e\\u0441\\u0442\\u0430\\u0432\\u043a\\u0430\"]}}]', 20, 12),
(609, '2025-01-20 16:35:04.786149', '37', 'admin', 2, '[{\"changed\": {\"fields\": [\"\\u0414\\u043e\\u0441\\u0442\\u0430\\u0432\\u043a\\u0430\"]}}]', 20, 12),
(610, '2025-01-20 16:35:06.623865', '37', 'admin', 2, '[{\"changed\": {\"fields\": [\"\\u0414\\u043e\\u0441\\u0442\\u0430\\u0432\\u043a\\u0430\"]}}]', 20, 12),
(611, '2025-01-20 18:09:29.644058', '36', 'admin', 2, '[{\"changed\": {\"fields\": [\"\\u041e\\u043f\\u0438\\u0441\\u0430\\u0442\\u044c \\u043e\\u0448\\u0438\\u0431\\u043a\\u0443\"]}}]', 20, 12),
(612, '2025-01-20 18:13:21.212430', '36', 'admin', 2, '[{\"changed\": {\"fields\": [\"\\u041e\\u043f\\u0438\\u0441\\u0430\\u0442\\u044c \\u043e\\u0448\\u0438\\u0431\\u043a\\u0443\"]}}]', 20, 12),
(613, '2025-01-20 18:13:47.928424', '36', 'admin', 2, '[{\"changed\": {\"fields\": [\"\\u041e\\u043f\\u0438\\u0441\\u0430\\u0442\\u044c \\u043e\\u0448\\u0438\\u0431\\u043a\\u0443\"]}}]', 20, 12),
(614, '2025-01-20 18:23:56.509926', '36', 'admin', 2, '[{\"changed\": {\"fields\": [\"\\u041e\\u043f\\u0438\\u0441\\u0430\\u0442\\u044c \\u043e\\u0448\\u0438\\u0431\\u043a\\u0443\"]}}]', 20, 12),
(615, '2025-01-20 18:24:17.854136', '36', 'admin', 2, '[{\"changed\": {\"fields\": [\"\\u041e\\u043f\\u0438\\u0441\\u0430\\u0442\\u044c \\u043e\\u0448\\u0438\\u0431\\u043a\\u0443\"]}}]', 20, 12),
(616, '2025-01-20 19:13:37.728932', '37', 'admin', 2, '[{\"changed\": {\"fields\": [\"\\u0422\\u043e\\u0432\\u0430\\u0440\\u044b \\u0437\\u0430\\u043a\\u0430\\u0437\\u0430\", \"\\u0410\\u0434\\u0440\\u0435\\u0441 \\u043f\\u043e\\u043b\\u044c\\u0437\\u043e\\u0432\\u0430\\u0442\\u0435\\u043b\\u044f\"]}}]', 20, 12),
(617, '2025-01-20 19:15:12.430086', '37', 'admin', 2, '[{\"changed\": {\"fields\": [\"\\u0422\\u043e\\u0432\\u0430\\u0440\\u044b \\u0437\\u0430\\u043a\\u0430\\u0437\\u0430\"]}}]', 20, 12),
(618, '2025-01-21 18:42:40.518913', '36', 'admin', 2, '[{\"changed\": {\"fields\": [\"\\u0414\\u043e\\u0441\\u0442\\u0430\\u0432\\u043a\\u0430\"]}}]', 20, 12),
(619, '2025-01-21 18:48:27.854997', '36', 'admin', 2, '[{\"changed\": {\"fields\": [\"\\u0414\\u043e\\u0441\\u0442\\u0430\\u0432\\u043a\\u0430\"]}}]', 20, 12),
(620, '2025-01-22 13:06:50.492539', '40', 'admin', 2, '[{\"changed\": {\"fields\": [\"\\u0414\\u043e\\u0441\\u0442\\u0430\\u0432\\u043a\\u0430\"]}}]', 20, 12),
(621, '2025-01-22 13:12:04.412666', '40', 'admin', 2, '[{\"changed\": {\"fields\": [\"\\u0414\\u043e\\u0441\\u0442\\u0430\\u0432\\u043a\\u0430\"]}}]', 20, 12),
(622, '2025-01-22 13:48:50.504230', '37', 'admin', 2, '[{\"changed\": {\"fields\": [\"\\u0414\\u043e\\u0441\\u0442\\u0430\\u0432\\u043a\\u0430\"]}}]', 20, 12),
(623, '2025-01-24 17:12:37.587349', '5', 'admin', 1, '[{\"added\": {}}]', 19, 12),
(624, '2025-01-24 17:46:22.604013', '5', 'admin', 2, '[]', 19, 12),
(625, '2025-01-24 17:54:16.821425', '6', 'gogot', 1, '[{\"added\": {}}]', 19, 12),
(626, '2025-01-24 18:04:15.103019', '16', 'gogot', 2, '[{\"changed\": {\"fields\": [\"password\"]}}]', 10, 12),
(627, '2025-01-24 18:09:58.375867', '5', 'admin', 2, '[{\"changed\": {\"fields\": [\"\\u041a\\u043e\\u043c\\u0435\\u043d\\u0442\\u0430\\u0440\\u0438\\u0439\"]}}]', 19, 12),
(628, '2025-01-24 18:14:00.597567', '5', 'admin', 2, '[{\"changed\": {\"fields\": [\"\\u041a\\u043e\\u043c\\u0435\\u043d\\u0442\\u0430\\u0440\\u0438\\u0439\"]}}]', 19, 12),
(629, '2025-01-24 18:32:36.076578', '5', 'admin', 2, '[{\"changed\": {\"fields\": [\"\\u041a\\u043e\\u043c\\u0435\\u043d\\u0442\\u0430\\u0440\\u0438\\u0439\"]}}]', 19, 12),
(630, '2025-01-24 18:58:24.327172', '5', 'admin', 2, '[{\"changed\": {\"fields\": [\"\\u041a\\u043e\\u043c\\u0435\\u043d\\u0442\\u0430\\u0440\\u0438\\u0439\"]}}]', 19, 12),
(631, '2025-01-24 19:07:43.973017', '7', 'Huh', 1, '[{\"added\": {}}]', 19, 12),
(632, '2025-01-25 11:37:11.735672', '6', 'gogot', 2, '[{\"changed\": {\"fields\": [\"\\u0417\\u0430\\u0431\\u043b\\u043e\\u043a\\u0438\\u0440\\u043e\\u0432\\u0430\\u0442\\u044c \\u043a\\u043e\\u043c\\u0435\\u043d\\u0442\\u0430\\u0440\\u0438\\u0439\"]}}]', 19, 12),
(633, '2025-01-25 11:38:56.361521', '6', 'gogot', 2, '[{\"changed\": {\"fields\": [\"\\u0417\\u0430\\u0431\\u043b\\u043e\\u043a\\u0438\\u0440\\u043e\\u0432\\u0430\\u0442\\u044c \\u043a\\u043e\\u043c\\u0435\\u043d\\u0442\\u0430\\u0440\\u0438\\u0439\"]}}]', 19, 12),
(634, '2025-01-25 11:54:36.402482', '5', 'admin', 2, '[{\"changed\": {\"fields\": [\"\\u041f\\u0440\\u0438\\u0447\\u0438\\u043d\\u0430 \\u0431\\u043b\\u043e\\u043a\\u0438\\u0440\\u043e\\u0432\\u043a\\u0438\"]}}]', 19, 12),
(635, '2025-01-27 17:45:44.132898', '5', 'admin', 2, '[{\"changed\": {\"fields\": [\"\\u0417\\u0430\\u0431\\u043b\\u043e\\u043a\\u0438\\u0440\\u043e\\u0432\\u0430\\u0442\\u044c \\u043a\\u043e\\u043c\\u0435\\u043d\\u0442\\u0430\\u0440\\u0438\\u0439\", \"\\u041f\\u0440\\u0438\\u0447\\u0438\\u043d\\u0430 \\u0431\\u043b\\u043e\\u043a\\u0438\\u0440\\u043e\\u0432\\u043a\\u0438\"]}}]', 19, 12),
(636, '2025-01-27 17:45:56.777781', '6', 'gogot', 2, '[]', 19, 12),
(637, '2025-01-27 17:46:00.778403', '7', 'Huh', 2, '[]', 19, 12),
(638, '2025-01-27 17:46:03.060565', '8', 'Huh12', 2, '[]', 19, 12),
(639, '2025-01-27 17:48:29.033391', '5', 'admin', 2, '[{\"changed\": {\"fields\": [\"\\u0417\\u0430\\u0431\\u043b\\u043e\\u043a\\u0438\\u0440\\u043e\\u0432\\u0430\\u0442\\u044c \\u043a\\u043e\\u043c\\u0435\\u043d\\u0442\\u0430\\u0440\\u0438\\u0439\", \"\\u041f\\u0440\\u0438\\u0447\\u0438\\u043d\\u0430 \\u0431\\u043b\\u043e\\u043a\\u0438\\u0440\\u043e\\u0432\\u043a\\u0438\"]}}]', 19, 12),
(640, '2025-01-27 17:48:58.184671', '5', 'admin', 2, '[{\"changed\": {\"fields\": [\"\\u041f\\u0440\\u0438\\u0447\\u0438\\u043d\\u0430 \\u0431\\u043b\\u043e\\u043a\\u0438\\u0440\\u043e\\u0432\\u043a\\u0438\"]}}]', 19, 12),
(641, '2025-01-27 17:49:20.055371', '5', 'admin', 2, '[{\"changed\": {\"fields\": [\"\\u041f\\u0440\\u0438\\u0447\\u0438\\u043d\\u0430 \\u0431\\u043b\\u043e\\u043a\\u0438\\u0440\\u043e\\u0432\\u043a\\u0438\"]}}]', 19, 12),
(642, '2025-01-27 17:57:37.456344', '5', 'admin', 2, '[{\"changed\": {\"fields\": [\"\\u0417\\u0430\\u0431\\u043b\\u043e\\u043a\\u0438\\u0440\\u043e\\u0432\\u0430\\u0442\\u044c \\u043a\\u043e\\u043c\\u0435\\u043d\\u0442\\u0430\\u0440\\u0438\\u0439\"]}}]', 19, 12),
(643, '2025-01-27 17:57:43.758097', '5', 'admin', 2, '[{\"changed\": {\"fields\": [\"\\u0417\\u0430\\u0431\\u043b\\u043e\\u043a\\u0438\\u0440\\u043e\\u0432\\u0430\\u0442\\u044c \\u043a\\u043e\\u043c\\u0435\\u043d\\u0442\\u0430\\u0440\\u0438\\u0439\"]}}]', 19, 12),
(644, '2025-01-28 15:38:10.746426', '37', 'admin', 3, '', 20, 12),
(645, '2025-01-28 18:27:17.806037', '41', 'admin', 2, '[{\"changed\": {\"fields\": [\"\\u0414\\u043e\\u0441\\u0442\\u0430\\u0432\\u043a\\u0430\", \"\\u0410\\u0434\\u0440\\u0435\\u0441 \\u043f\\u043e\\u043b\\u044c\\u0437\\u043e\\u0432\\u0430\\u0442\\u0435\\u043b\\u044f\", \"\\u0422\\u0440\\u0435\\u043a-\\u043d\\u043e\\u043c\\u0435\\u0440\\u0430\"]}}]', 20, 12),
(646, '2025-02-10 11:39:34.545460', '8', 'Система водяного охлаждения ЮКОМС', 2, '[{\"changed\": {\"fields\": [\"\\u041e\\u043f\\u0438\\u0441\\u0430\\u043d\\u0438\\u0435\"]}}]', 4, 12),
(647, '2025-02-10 11:52:43.458847', '8', 'Система водяного охлаждения ЮКОМС', 2, '[{\"changed\": {\"fields\": [\"\\u041e\\u043f\\u0438\\u0441\\u0430\\u043d\\u0438\\u0435\"]}}]', 4, 12),
(648, '2025-02-10 11:54:51.094488', '8', 'Система водяного охлаждения ЮКОМС', 2, '[{\"changed\": {\"fields\": [\"\\u041e\\u043f\\u0438\\u0441\\u0430\\u043d\\u0438\\u0435\"]}}]', 4, 12),
(649, '2025-02-10 11:55:30.413795', '8', 'Система водяного охлаждения ЮКОМС', 2, '[{\"changed\": {\"fields\": [\"\\u041e\\u043f\\u0438\\u0441\\u0430\\u043d\\u0438\\u0435\"]}}]', 4, 12),
(650, '2025-02-10 11:56:47.912080', '8', 'Система водяного охлаждения ЮКОМС', 2, '[{\"changed\": {\"fields\": [\"\\u041e\\u043f\\u0438\\u0441\\u0430\\u043d\\u0438\\u0435\"]}}]', 4, 12),
(651, '2025-02-10 16:13:04.139737', '158', 'Количество потоков - Процессоры', 1, '[{\"added\": {}}]', 3, 12),
(652, '2025-02-10 16:16:12.170089', '9', 'Intel Core i5 11400', 2, '[{\"changed\": {\"fields\": [\"\\u041e\\u043f\\u0438\\u0441\\u0430\\u043d\\u0438\\u0435\"]}}, {\"added\": {\"name\": \"\\u041a\\u0430\\u0440\\u0442\\u0438\\u043d\\u043a\\u0430 \\u043a \\u0442\\u043e\\u0432\\u0430\\u0440\\u0443\", \"object\": \"Intel Core i5 11400\"}}, {\"added\": {\"name\": \"\\u041a\\u0430\\u0440\\u0442\\u0438\\u043d\\u043a\\u0430 \\u043a \\u0442\\u043e\\u0432\\u0430\\u0440\\u0443\", \"object\": \"Intel Core i5 11400\"}}, {\"added\": {\"name\": \"\\u041a\\u0430\\u0440\\u0442\\u0438\\u043d\\u043a\\u0430 \\u043a \\u0442\\u043e\\u0432\\u0430\\u0440\\u0443\", \"object\": \"Intel Core i5 11400\"}}, {\"added\": {\"name\": \"\\u041a\\u0430\\u0440\\u0442\\u0438\\u043d\\u043a\\u0430 \\u043a \\u0442\\u043e\\u0432\\u0430\\u0440\\u0443\", \"object\": \"Intel Core i5 11400\"}}, {\"added\": {\"name\": \"\\u041a\\u0430\\u0440\\u0442\\u0438\\u043d\\u043a\\u0430 \\u043a \\u0442\\u043e\\u0432\\u0430\\u0440\\u0443\", \"object\": \"Intel Core i5 11400\"}}, {\"added\": {\"name\": \"\\u041a\\u0430\\u0440\\u0442\\u0438\\u043d\\u043a\\u0430 \\u043a \\u0442\\u043e\\u0432\\u0430\\u0440\\u0443\", \"object\": \"Intel Core i5 11400\"}}, {\"added\": {\"name\": \"\\u041a\\u0430\\u0440\\u0442\\u0438\\u043d\\u043a\\u0430 \\u043a \\u0442\\u043e\\u0432\\u0430\\u0440\\u0443\", \"object\": \"Intel Core i5 11400\"}}, {\"added\": {\"name\": \"\\u041a\\u0430\\u0440\\u0442\\u0438\\u043d\\u043a\\u0430 \\u043a \\u0442\\u043e\\u0432\\u0430\\u0440\\u0443\", \"object\": \"Intel Core i5 11400\"}}, {\"added\": {\"name\": \"\\u0425\\u0430\\u0440\\u0430\\u043a\\u0442\\u0435\\u0440\\u0438\\u0441\\u0442\\u0438\\u043a\\u0443 \\u043a \\u0442\\u043e\\u0432\\u0430\\u0440\\u0443\", \"object\": \"\\u042f\\u0434\\u0440\\u043e \\u0438 \\u0430\\u0440\\u0445\\u0438\\u0442\\u0435\\u043a\\u0442\\u0443\\u0440\\u0430\"}}, {\"added\": {\"name\": \"\\u0425\\u0430\\u0440\\u0430\\u043a\\u0442\\u0435\\u0440\\u0438\\u0441\\u0442\\u0438\\u043a\\u0443 \\u043a \\u0442\\u043e\\u0432\\u0430\\u0440\\u0443\", \"object\": \"\\u042f\\u0434\\u0440\\u043e \\u0438 \\u0430\\u0440\\u0445\\u0438\\u0442\\u0435\\u043a\\u0442\\u0443\\u0440\\u0430\"}}, {\"added\": {\"name\": \"\\u0425\\u0430\\u0440\\u0430\\u043a\\u0442\\u0435\\u0440\\u0438\\u0441\\u0442\\u0438\\u043a\\u0443 \\u043a \\u0442\\u043e\\u0432\\u0430\\u0440\\u0443\", \"object\": \"\\u042f\\u0434\\u0440\\u043e \\u0438 \\u0430\\u0440\\u0445\\u0438\\u0442\\u0435\\u043a\\u0442\\u0443\\u0440\\u0430\"}}, {\"added\": {\"name\": \"\\u0425\\u0430\\u0440\\u0430\\u043a\\u0442\\u0435\\u0440\\u0438\\u0441\\u0442\\u0438\\u043a\\u0443 \\u043a \\u0442\\u043e\\u0432\\u0430\\u0440\\u0443\", \"object\": \"\\u0422\\u0435\\u043f\\u043b\\u043e\\u0432\\u044b\\u0435 \\u0445\\u0430\\u0440\\u0430\\u043a\\u0442\\u0435\\u0440\\u0438\\u0441\\u0442\\u0438\\u043a\\u0438\"}}, {\"added\": {\"name\": \"\\u0425\\u0430\\u0440\\u0430\\u043a\\u0442\\u0435\\u0440\\u0438\\u0441\\u0442\\u0438\\u043a\\u0443 \\u043a \\u0442\\u043e\\u0432\\u0430\\u0440\\u0443\", \"object\": \"\\u041e\\u0431\\u0449\\u0438\\u0435\"}}, {\"added\": {\"name\": \"\\u0425\\u0430\\u0440\\u0430\\u043a\\u0442\\u0435\\u0440\\u0438\\u0441\\u0442\\u0438\\u043a\\u0443 \\u043a \\u0442\\u043e\\u0432\\u0430\\u0440\\u0443\", \"object\": \"\\u041e\\u0431\\u0449\\u0438\\u0435\"}}, {\"added\": {\"name\": \"\\u0425\\u0430\\u0440\\u0430\\u043a\\u0442\\u0435\\u0440\\u0438\\u0441\\u0442\\u0438\\u043a\\u0443 \\u043a \\u0442\\u043e\\u0432\\u0430\\u0440\\u0443\", \"object\": \"\\u0414\\u043e\\u043f\\u043e\\u043b\\u043d\\u0438\\u0442\\u0435\\u043b\\u044c\\u043d\\u044b\\u0435\"}}, {\"added\": {\"name\": \"\\u0425\\u0430\\u0440\\u0430\\u043a\\u0442\\u0435\\u0440\\u0438\\u0441\\u0442\\u0438\\u043a\\u0443 \\u043a \\u0442\\u043e\\u0432\\u0430\\u0440\\u0443\", \"object\": \"\\u0414\\u043e\\u043f\\u043e\\u043b\\u043d\\u0438\\u0442\\u0435\\u043b\\u044c\\u043d\\u044b\\u0435\"}}, {\"changed\": {\"name\": \"\\u0425\\u0430\\u0440\\u0430\\u043a\\u0442\\u0435\\u0440\\u0438\\u0441\\u0442\\u0438\\u043a\\u0443 \\u043a \\u0442\\u043e\\u0432\\u0430\\u0440\\u0443\", \"object\": \"\\u042f\\u0434\\u0440\\u043e \\u0438 \\u0430\\u0440\\u0445\\u0438\\u0442\\u0435\\u043a\\u0442\\u0443\\u0440\\u0430\", \"fields\": [\"\\u0425\\u0430\\u0440\\u0430\\u043a\\u0442\\u0435\\u0440\\u0438\\u0441\\u0442\\u0438\\u043a\\u0430\"]}}, {\"changed\": {\"name\": \"\\u0425\\u0430\\u0440\\u0430\\u043a\\u0442\\u0435\\u0440\\u0438\\u0441\\u0442\\u0438\\u043a\\u0443 \\u043a \\u0442\\u043e\\u0432\\u0430\\u0440\\u0443\", \"object\": \"\\u041f\\u0440\\u043e\\u0446\\u0435\\u0441\\u0441\\u043e\\u0440\\u044b\", \"fields\": [\"\\u0417\\u043d\\u0430\\u0447\\u0435\\u043d\\u0438\\u0435\"]}}, {\"changed\": {\"name\": \"\\u0425\\u0430\\u0440\\u0430\\u043a\\u0442\\u0435\\u0440\\u0438\\u0441\\u0442\\u0438\\u043a\\u0443 \\u043a \\u0442\\u043e\\u0432\\u0430\\u0440\\u0443\", \"object\": \"\\u041e\\u043f\\u0435\\u0440\\u0430\\u0442\\u0438\\u0432\\u043d\\u0430\\u044f \\u043f\\u0430\\u043c\\u044f\\u0442\\u044c\", \"fields\": [\"\\u0425\\u0430\\u0440\\u0430\\u043a\\u0442\\u0435\\u0440\\u0438\\u0441\\u0442\\u0438\\u043a\\u0430\", \"\\u0417\\u043d\\u0430\\u0447\\u0435\\u043d\\u0438\\u0435\"]}}]', 4, 12),
(653, '2025-02-10 16:16:36.131289', '9', 'Intel Core i5 11400', 2, '[{\"changed\": {\"fields\": [\"\\u0426\\u0435\\u043d\\u0430 \\u0441\\u043e \\u0441\\u043a\\u0438\\u0434\\u043a\\u043e\\u0439\"]}}]', 4, 12),
(654, '2025-02-10 16:24:39.864460', '10', 'AMD Ryzen 5 5600X', 2, '[{\"added\": {\"name\": \"\\u041a\\u0430\\u0440\\u0442\\u0438\\u043d\\u043a\\u0430 \\u043a \\u0442\\u043e\\u0432\\u0430\\u0440\\u0443\", \"object\": \"AMD Ryzen 5 5600X\"}}, {\"added\": {\"name\": \"\\u041a\\u0430\\u0440\\u0442\\u0438\\u043d\\u043a\\u0430 \\u043a \\u0442\\u043e\\u0432\\u0430\\u0440\\u0443\", \"object\": \"AMD Ryzen 5 5600X\"}}, {\"added\": {\"name\": \"\\u041a\\u0430\\u0440\\u0442\\u0438\\u043d\\u043a\\u0430 \\u043a \\u0442\\u043e\\u0432\\u0430\\u0440\\u0443\", \"object\": \"AMD Ryzen 5 5600X\"}}, {\"added\": {\"name\": \"\\u0425\\u0430\\u0440\\u0430\\u043a\\u0442\\u0435\\u0440\\u0438\\u0441\\u0442\\u0438\\u043a\\u0443 \\u043a \\u0442\\u043e\\u0432\\u0430\\u0440\\u0443\", \"object\": \"\\u0422\\u0435\\u043f\\u043b\\u043e\\u0432\\u044b\\u0435 \\u0445\\u0430\\u0440\\u0430\\u043a\\u0442\\u0435\\u0440\\u0438\\u0441\\u0442\\u0438\\u043a\\u0438\"}}, {\"added\": {\"name\": \"\\u0425\\u0430\\u0440\\u0430\\u043a\\u0442\\u0435\\u0440\\u0438\\u0441\\u0442\\u0438\\u043a\\u0443 \\u043a \\u0442\\u043e\\u0432\\u0430\\u0440\\u0443\", \"object\": \"\\u041e\\u043f\\u0435\\u0440\\u0430\\u0442\\u0438\\u0432\\u043d\\u0430\\u044f \\u043f\\u0430\\u043c\\u044f\\u0442\\u044c\"}}, {\"added\": {\"name\": \"\\u0425\\u0430\\u0440\\u0430\\u043a\\u0442\\u0435\\u0440\\u0438\\u0441\\u0442\\u0438\\u043a\\u0443 \\u043a \\u0442\\u043e\\u0432\\u0430\\u0440\\u0443\", \"object\": \"\\u041e\\u043f\\u0435\\u0440\\u0430\\u0442\\u0438\\u0432\\u043d\\u0430\\u044f \\u043f\\u0430\\u043c\\u044f\\u0442\\u044c\"}}, {\"added\": {\"name\": \"\\u0425\\u0430\\u0440\\u0430\\u043a\\u0442\\u0435\\u0440\\u0438\\u0441\\u0442\\u0438\\u043a\\u0443 \\u043a \\u0442\\u043e\\u0432\\u0430\\u0440\\u0443\", \"object\": \"\\u042f\\u0434\\u0440\\u043e \\u0438 \\u0430\\u0440\\u0445\\u0438\\u0442\\u0435\\u043a\\u0442\\u0443\\u0440\\u0430\"}}, {\"added\": {\"name\": \"\\u0425\\u0430\\u0440\\u0430\\u043a\\u0442\\u0435\\u0440\\u0438\\u0441\\u0442\\u0438\\u043a\\u0443 \\u043a \\u0442\\u043e\\u0432\\u0430\\u0440\\u0443\", \"object\": \"\\u042f\\u0434\\u0440\\u043e \\u0438 \\u0430\\u0440\\u0445\\u0438\\u0442\\u0435\\u043a\\u0442\\u0443\\u0440\\u0430\"}}, {\"added\": {\"name\": \"\\u0425\\u0430\\u0440\\u0430\\u043a\\u0442\\u0435\\u0440\\u0438\\u0441\\u0442\\u0438\\u043a\\u0443 \\u043a \\u0442\\u043e\\u0432\\u0430\\u0440\\u0443\", \"object\": \"\\u041e\\u0431\\u0449\\u0438\\u0435\"}}, {\"added\": {\"name\": \"\\u0425\\u0430\\u0440\\u0430\\u043a\\u0442\\u0435\\u0440\\u0438\\u0441\\u0442\\u0438\\u043a\\u0443 \\u043a \\u0442\\u043e\\u0432\\u0430\\u0440\\u0443\", \"object\": \"\\u041e\\u0431\\u0449\\u0438\\u0435\"}}, {\"added\": {\"name\": \"\\u0425\\u0430\\u0440\\u0430\\u043a\\u0442\\u0435\\u0440\\u0438\\u0441\\u0442\\u0438\\u043a\\u0443 \\u043a \\u0442\\u043e\\u0432\\u0430\\u0440\\u0443\", \"object\": \"\\u041e\\u0431\\u0449\\u0438\\u0435\"}}, {\"added\": {\"name\": \"\\u0425\\u0430\\u0440\\u0430\\u043a\\u0442\\u0435\\u0440\\u0438\\u0441\\u0442\\u0438\\u043a\\u0443 \\u043a \\u0442\\u043e\\u0432\\u0430\\u0440\\u0443\", \"object\": \"\\u0414\\u043e\\u043f\\u043e\\u043b\\u043d\\u0438\\u0442\\u0435\\u043b\\u044c\\u043d\\u044b\\u0435\"}}, {\"added\": {\"name\": \"\\u0425\\u0430\\u0440\\u0430\\u043a\\u0442\\u0435\\u0440\\u0438\\u0441\\u0442\\u0438\\u043a\\u0443 \\u043a \\u0442\\u043e\\u0432\\u0430\\u0440\\u0443\", \"object\": \"\\u0414\\u043e\\u043f\\u043e\\u043b\\u043d\\u0438\\u0442\\u0435\\u043b\\u044c\\u043d\\u044b\\u0435\"}}, {\"changed\": {\"name\": \"\\u0425\\u0430\\u0440\\u0430\\u043a\\u0442\\u0435\\u0440\\u0438\\u0441\\u0442\\u0438\\u043a\\u0443 \\u043a \\u0442\\u043e\\u0432\\u0430\\u0440\\u0443\", \"object\": \"\\u042f\\u0434\\u0440\\u043e \\u0438 \\u0430\\u0440\\u0445\\u0438\\u0442\\u0435\\u043a\\u0442\\u0443\\u0440\\u0430\", \"fields\": [\"\\u0425\\u0430\\u0440\\u0430\\u043a\\u0442\\u0435\\u0440\\u0438\\u0441\\u0442\\u0438\\u043a\\u0430\"]}}, {\"changed\": {\"name\": \"\\u0425\\u0430\\u0440\\u0430\\u043a\\u0442\\u0435\\u0440\\u0438\\u0441\\u0442\\u0438\\u043a\\u0443 \\u043a \\u0442\\u043e\\u0432\\u0430\\u0440\\u0443\", \"object\": \"\\u041e\\u043f\\u0435\\u0440\\u0430\\u0442\\u0438\\u0432\\u043d\\u0430\\u044f \\u043f\\u0430\\u043c\\u044f\\u0442\\u044c\", \"fields\": [\"\\u0425\\u0430\\u0440\\u0430\\u043a\\u0442\\u0435\\u0440\\u0438\\u0441\\u0442\\u0438\\u043a\\u0430\", \"\\u0417\\u043d\\u0430\\u0447\\u0435\\u043d\\u0438\\u0435\"]}}]', 4, 12),
(655, '2025-02-10 16:30:13.134038', '46', 'Intel Core i5 11400', 3, '', 6, 12),
(656, '2025-02-10 16:30:13.139043', '45', 'Intel Core i5 11400', 3, '', 6, 12);
INSERT INTO `django_admin_log` (`id`, `action_time`, `object_id`, `object_repr`, `action_flag`, `change_message`, `content_type_id`, `user_id`) VALUES
(657, '2025-02-10 16:32:41.007290', '11', 'Intel Core i7 12700K', 2, '[{\"changed\": {\"fields\": [\"\\u0426\\u0435\\u043d\\u0430 \\u0441\\u043e \\u0441\\u043a\\u0438\\u0434\\u043a\\u043e\\u0439\", \"\\u041e\\u043f\\u0438\\u0441\\u0430\\u043d\\u0438\\u0435\"]}}, {\"added\": {\"name\": \"\\u041a\\u0430\\u0440\\u0442\\u0438\\u043d\\u043a\\u0430 \\u043a \\u0442\\u043e\\u0432\\u0430\\u0440\\u0443\", \"object\": \"Intel Core i7 12700K\"}}, {\"added\": {\"name\": \"\\u041a\\u0430\\u0440\\u0442\\u0438\\u043d\\u043a\\u0430 \\u043a \\u0442\\u043e\\u0432\\u0430\\u0440\\u0443\", \"object\": \"Intel Core i7 12700K\"}}, {\"added\": {\"name\": \"\\u041a\\u0430\\u0440\\u0442\\u0438\\u043d\\u043a\\u0430 \\u043a \\u0442\\u043e\\u0432\\u0430\\u0440\\u0443\", \"object\": \"Intel Core i7 12700K\"}}, {\"added\": {\"name\": \"\\u041a\\u0430\\u0440\\u0442\\u0438\\u043d\\u043a\\u0430 \\u043a \\u0442\\u043e\\u0432\\u0430\\u0440\\u0443\", \"object\": \"Intel Core i7 12700K\"}}, {\"changed\": {\"name\": \"\\u0425\\u0430\\u0440\\u0430\\u043a\\u0442\\u0435\\u0440\\u0438\\u0441\\u0442\\u0438\\u043a\\u0443 \\u043a \\u0442\\u043e\\u0432\\u0430\\u0440\\u0443\", \"object\": \"\\u042f\\u0434\\u0440\\u043e \\u0438 \\u0430\\u0440\\u0445\\u0438\\u0442\\u0435\\u043a\\u0442\\u0443\\u0440\\u0430\", \"fields\": [\"\\u0425\\u0430\\u0440\\u0430\\u043a\\u0442\\u0435\\u0440\\u0438\\u0441\\u0442\\u0438\\u043a\\u0430\", \"\\u0417\\u043d\\u0430\\u0447\\u0435\\u043d\\u0438\\u0435\"]}}, {\"changed\": {\"name\": \"\\u0425\\u0430\\u0440\\u0430\\u043a\\u0442\\u0435\\u0440\\u0438\\u0441\\u0442\\u0438\\u043a\\u0443 \\u043a \\u0442\\u043e\\u0432\\u0430\\u0440\\u0443\", \"object\": \"\\u041f\\u0440\\u043e\\u0446\\u0435\\u0441\\u0441\\u043e\\u0440\\u044b\", \"fields\": [\"\\u0417\\u043d\\u0430\\u0447\\u0435\\u043d\\u0438\\u0435\"]}}, {\"changed\": {\"name\": \"\\u0425\\u0430\\u0440\\u0430\\u043a\\u0442\\u0435\\u0440\\u0438\\u0441\\u0442\\u0438\\u043a\\u0443 \\u043a \\u0442\\u043e\\u0432\\u0430\\u0440\\u0443\", \"object\": \"\\u041e\\u043f\\u0435\\u0440\\u0430\\u0442\\u0438\\u0432\\u043d\\u0430\\u044f \\u043f\\u0430\\u043c\\u044f\\u0442\\u044c\", \"fields\": [\"\\u0425\\u0430\\u0440\\u0430\\u043a\\u0442\\u0435\\u0440\\u0438\\u0441\\u0442\\u0438\\u043a\\u0430\", \"\\u0417\\u043d\\u0430\\u0447\\u0435\\u043d\\u0438\\u0435\"]}}]', 4, 12),
(658, '2025-02-10 16:34:01.666001', '10', 'AMD Ryzen 5 5600X', 2, '[{\"added\": {\"name\": \"\\u0425\\u0430\\u0440\\u0430\\u043a\\u0442\\u0435\\u0440\\u0438\\u0441\\u0442\\u0438\\u043a\\u0443 \\u043a \\u0442\\u043e\\u0432\\u0430\\u0440\\u0443\", \"object\": \"\\u042f\\u0434\\u0440\\u043e \\u0438 \\u0430\\u0440\\u0445\\u0438\\u0442\\u0435\\u043a\\u0442\\u0443\\u0440\\u0430\"}}]', 4, 12),
(659, '2025-02-10 16:34:49.129899', '158', 'Количество потоков - Процессоры', 3, '', 3, 12),
(660, '2025-02-10 16:37:18.879562', '4', 'Количество ядер - Процессоры', 3, '', 3, 12),
(661, '2025-02-10 16:39:14.054144', '1', 'Процессор Intel Core i5 11400', 3, '', 4, 12),
(662, '2025-02-10 16:41:03.031572', '9', 'Intel Core i5 11400', 2, '[{\"added\": {\"name\": \"\\u0425\\u0430\\u0440\\u0430\\u043a\\u0442\\u0435\\u0440\\u0438\\u0441\\u0442\\u0438\\u043a\\u0443 \\u043a \\u0442\\u043e\\u0432\\u0430\\u0440\\u0443\", \"object\": \"\\u042f\\u0434\\u0440\\u043e \\u0438 \\u0430\\u0440\\u0445\\u0438\\u0442\\u0435\\u043a\\u0442\\u0443\\u0440\\u0430\"}}]', 4, 12),
(663, '2025-02-10 16:41:41.459492', '138', 'Количество ядер - Все', 2, '[{\"changed\": {\"fields\": [\"\\u041a\\u0430\\u0442\\u0435\\u0433\\u043e\\u0440\\u0438\\u044f x\\u0430\\u0440\\u0430\\u043a\\u0442\\u0435\\u0440\\u0438\\u0441\\u0442\\u0438\\u043a\\u0438\"]}}]', 3, 12),
(664, '2025-02-10 16:50:29.723655', '10', 'AMD Ryzen 5 5600X', 2, '[{\"changed\": {\"name\": \"\\u0425\\u0430\\u0440\\u0430\\u043a\\u0442\\u0435\\u0440\\u0438\\u0441\\u0442\\u0438\\u043a\\u0443 \\u043a \\u0442\\u043e\\u0432\\u0430\\u0440\\u0443\", \"object\": \"\\u042f\\u0434\\u0440\\u043e \\u0438 \\u0430\\u0440\\u0445\\u0438\\u0442\\u0435\\u043a\\u0442\\u0443\\u0440\\u0430\", \"fields\": [\"\\u0417\\u043d\\u0430\\u0447\\u0435\\u043d\\u0438\\u0435\"]}}, {\"changed\": {\"name\": \"\\u0425\\u0430\\u0440\\u0430\\u043a\\u0442\\u0435\\u0440\\u0438\\u0441\\u0442\\u0438\\u043a\\u0443 \\u043a \\u0442\\u043e\\u0432\\u0430\\u0440\\u0443\", \"object\": \"\\u041f\\u0440\\u043e\\u0446\\u0435\\u0441\\u0441\\u043e\\u0440\\u044b\", \"fields\": [\"\\u0417\\u043d\\u0430\\u0447\\u0435\\u043d\\u0438\\u0435\"]}}]', 4, 12),
(665, '2025-02-10 16:51:06.917225', '11', 'Intel Core i7 12700K', 2, '[{\"changed\": {\"fields\": [\"\\u041e\\u043f\\u0438\\u0441\\u0430\\u043d\\u0438\\u0435\"]}}, {\"changed\": {\"name\": \"\\u041a\\u0430\\u0440\\u0442\\u0438\\u043d\\u043a\\u0430 \\u043a \\u0442\\u043e\\u0432\\u0430\\u0440\\u0443\", \"object\": \"Intel Core i7 12700K\", \"fields\": [\"\\u041a\\u0430\\u0440\\u0442\\u0438\\u043d\\u043a\\u0430 \\u0438\\u043b\\u0438 \\u0432\\u0438\\u0434\\u0435\\u043e\", \"\\u0412\\u0438\\u0434\\u0435\\u043e\"]}}, {\"changed\": {\"name\": \"\\u0425\\u0430\\u0440\\u0430\\u043a\\u0442\\u0435\\u0440\\u0438\\u0441\\u0442\\u0438\\u043a\\u0443 \\u043a \\u0442\\u043e\\u0432\\u0430\\u0440\\u0443\", \"object\": \"\\u0421\\u043e\\u0432\\u043c\\u0435\\u0441\\u0442\\u0438\\u043c\\u043e\\u0441\\u0442\\u044c\", \"fields\": [\"\\u0425\\u0430\\u0440\\u0430\\u043a\\u0442\\u0435\\u0440\\u0438\\u0441\\u0442\\u0438\\u043a\\u0430\"]}}]', 4, 12),
(666, '2025-02-10 16:52:22.780186', '11', 'Intel Core i7 12700K', 2, '[{\"changed\": {\"fields\": [\"\\u041e\\u043f\\u0438\\u0441\\u0430\\u043d\\u0438\\u0435\"]}}]', 4, 12),
(667, '2025-02-10 16:53:09.173064', '11', 'Intel Core i7 12700K', 2, '[{\"changed\": {\"fields\": [\"\\u041e\\u043f\\u0438\\u0441\\u0430\\u043d\\u0438\\u0435\"]}}]', 4, 12),
(668, '2025-02-10 16:54:01.202147', '11', 'Intel Core i7 12700K', 2, '[{\"changed\": {\"fields\": [\"\\u041e\\u043f\\u0438\\u0441\\u0430\\u043d\\u0438\\u0435\"]}}]', 4, 12),
(669, '2025-02-10 16:55:12.105052', '11', 'Intel Core i7 12700K', 2, '[{\"changed\": {\"fields\": [\"\\u041e\\u043f\\u0438\\u0441\\u0430\\u043d\\u0438\\u0435\"]}}]', 4, 12),
(670, '2025-02-10 16:55:41.081741', '11', 'Intel Core i7 12700K', 2, '[{\"changed\": {\"fields\": [\"\\u041e\\u043f\\u0438\\u0441\\u0430\\u043d\\u0438\\u0435\"]}}]', 4, 12),
(671, '2025-02-10 16:55:56.546392', '11', 'Intel Core i7 12700K', 2, '[{\"changed\": {\"fields\": [\"\\u041e\\u043f\\u0438\\u0441\\u0430\\u043d\\u0438\\u0435\"]}}]', 4, 12),
(672, '2025-02-10 17:01:18.057266', '159', 'Особенности - Все', 1, '[{\"added\": {}}]', 3, 12),
(673, '2025-02-10 17:01:25.606380', '11', 'Intel Core i7 12700K', 2, '[{\"added\": {\"name\": \"\\u0425\\u0430\\u0440\\u0430\\u043a\\u0442\\u0435\\u0440\\u0438\\u0441\\u0442\\u0438\\u043a\\u0443 \\u043a \\u0442\\u043e\\u0432\\u0430\\u0440\\u0443\", \"object\": \"\\u042f\\u0434\\u0440\\u043e \\u0438 \\u0430\\u0440\\u0445\\u0438\\u0442\\u0435\\u043a\\u0442\\u0443\\u0440\\u0430\"}}, {\"added\": {\"name\": \"\\u0425\\u0430\\u0440\\u0430\\u043a\\u0442\\u0435\\u0440\\u0438\\u0441\\u0442\\u0438\\u043a\\u0443 \\u043a \\u0442\\u043e\\u0432\\u0430\\u0440\\u0443\", \"object\": \"\\u042f\\u0434\\u0440\\u043e \\u0438 \\u0430\\u0440\\u0445\\u0438\\u0442\\u0435\\u043a\\u0442\\u0443\\u0440\\u0430\"}}, {\"added\": {\"name\": \"\\u0425\\u0430\\u0440\\u0430\\u043a\\u0442\\u0435\\u0440\\u0438\\u0441\\u0442\\u0438\\u043a\\u0443 \\u043a \\u0442\\u043e\\u0432\\u0430\\u0440\\u0443\", \"object\": \"\\u042f\\u0434\\u0440\\u043e \\u0438 \\u0430\\u0440\\u0445\\u0438\\u0442\\u0435\\u043a\\u0442\\u0443\\u0440\\u0430\"}}, {\"added\": {\"name\": \"\\u0425\\u0430\\u0440\\u0430\\u043a\\u0442\\u0435\\u0440\\u0438\\u0441\\u0442\\u0438\\u043a\\u0443 \\u043a \\u0442\\u043e\\u0432\\u0430\\u0440\\u0443\", \"object\": \"\\u041e\\u043f\\u0435\\u0440\\u0430\\u0442\\u0438\\u0432\\u043d\\u0430\\u044f \\u043f\\u0430\\u043c\\u044f\\u0442\\u044c\"}}, {\"added\": {\"name\": \"\\u0425\\u0430\\u0440\\u0430\\u043a\\u0442\\u0435\\u0440\\u0438\\u0441\\u0442\\u0438\\u043a\\u0443 \\u043a \\u0442\\u043e\\u0432\\u0430\\u0440\\u0443\", \"object\": \"\\u041e\\u043f\\u0435\\u0440\\u0430\\u0442\\u0438\\u0432\\u043d\\u0430\\u044f \\u043f\\u0430\\u043c\\u044f\\u0442\\u044c\"}}, {\"added\": {\"name\": \"\\u0425\\u0430\\u0440\\u0430\\u043a\\u0442\\u0435\\u0440\\u0438\\u0441\\u0442\\u0438\\u043a\\u0443 \\u043a \\u0442\\u043e\\u0432\\u0430\\u0440\\u0443\", \"object\": \"\\u041e\\u0431\\u0449\\u0438\\u0435\"}}, {\"added\": {\"name\": \"\\u0425\\u0430\\u0440\\u0430\\u043a\\u0442\\u0435\\u0440\\u0438\\u0441\\u0442\\u0438\\u043a\\u0443 \\u043a \\u0442\\u043e\\u0432\\u0430\\u0440\\u0443\", \"object\": \"\\u041e\\u0431\\u0449\\u0438\\u0435\"}}, {\"added\": {\"name\": \"\\u0425\\u0430\\u0440\\u0430\\u043a\\u0442\\u0435\\u0440\\u0438\\u0441\\u0442\\u0438\\u043a\\u0443 \\u043a \\u0442\\u043e\\u0432\\u0430\\u0440\\u0443\", \"object\": \"\\u0422\\u0435\\u043f\\u043b\\u043e\\u0432\\u044b\\u0435 \\u0445\\u0430\\u0440\\u0430\\u043a\\u0442\\u0435\\u0440\\u0438\\u0441\\u0442\\u0438\\u043a\\u0438\"}}, {\"added\": {\"name\": \"\\u0425\\u0430\\u0440\\u0430\\u043a\\u0442\\u0435\\u0440\\u0438\\u0441\\u0442\\u0438\\u043a\\u0443 \\u043a \\u0442\\u043e\\u0432\\u0430\\u0440\\u0443\", \"object\": \"\\u0414\\u043e\\u043f\\u043e\\u043b\\u043d\\u0438\\u0442\\u0435\\u043b\\u044c\\u043d\\u044b\\u0435\"}}, {\"added\": {\"name\": \"\\u0425\\u0430\\u0440\\u0430\\u043a\\u0442\\u0435\\u0440\\u0438\\u0441\\u0442\\u0438\\u043a\\u0443 \\u043a \\u0442\\u043e\\u0432\\u0430\\u0440\\u0443\", \"object\": \"\\u0414\\u043e\\u043f\\u043e\\u043b\\u043d\\u0438\\u0442\\u0435\\u043b\\u044c\\u043d\\u044b\\u0435\"}}, {\"added\": {\"name\": \"\\u0425\\u0430\\u0440\\u0430\\u043a\\u0442\\u0435\\u0440\\u0438\\u0441\\u0442\\u0438\\u043a\\u0443 \\u043a \\u0442\\u043e\\u0432\\u0430\\u0440\\u0443\", \"object\": \"\\u0414\\u043e\\u043f\\u043e\\u043b\\u043d\\u0438\\u0442\\u0435\\u043b\\u044c\\u043d\\u044b\\u0435\"}}, {\"added\": {\"name\": \"\\u0425\\u0430\\u0440\\u0430\\u043a\\u0442\\u0435\\u0440\\u0438\\u0441\\u0442\\u0438\\u043a\\u0443 \\u043a \\u0442\\u043e\\u0432\\u0430\\u0440\\u0443\", \"object\": \"\\u0414\\u043e\\u043f\\u043e\\u043b\\u043d\\u0438\\u0442\\u0435\\u043b\\u044c\\u043d\\u044b\\u0435\"}}, {\"added\": {\"name\": \"\\u0425\\u0430\\u0440\\u0430\\u043a\\u0442\\u0435\\u0440\\u0438\\u0441\\u0442\\u0438\\u043a\\u0443 \\u043a \\u0442\\u043e\\u0432\\u0430\\u0440\\u0443\", \"object\": \"\\u0414\\u043e\\u043f\\u043e\\u043b\\u043d\\u0438\\u0442\\u0435\\u043b\\u044c\\u043d\\u044b\\u0435\"}}, {\"changed\": {\"name\": \"\\u0425\\u0430\\u0440\\u0430\\u043a\\u0442\\u0435\\u0440\\u0438\\u0441\\u0442\\u0438\\u043a\\u0443 \\u043a \\u0442\\u043e\\u0432\\u0430\\u0440\\u0443\", \"object\": \"\\u042f\\u0434\\u0440\\u043e \\u0438 \\u0430\\u0440\\u0445\\u0438\\u0442\\u0435\\u043a\\u0442\\u0443\\u0440\\u0430\", \"fields\": [\"\\u0425\\u0430\\u0440\\u0430\\u043a\\u0442\\u0435\\u0440\\u0438\\u0441\\u0442\\u0438\\u043a\\u0430\"]}}]', 4, 12),
(674, '2025-02-10 17:02:09.508669', '9', 'Intel Core i5 11400', 2, '[{\"changed\": {\"name\": \"\\u0425\\u0430\\u0440\\u0430\\u043a\\u0442\\u0435\\u0440\\u0438\\u0441\\u0442\\u0438\\u043a\\u0443 \\u043a \\u0442\\u043e\\u0432\\u0430\\u0440\\u0443\", \"object\": \"\\u042f\\u0434\\u0440\\u043e \\u0438 \\u0430\\u0440\\u0445\\u0438\\u0442\\u0435\\u043a\\u0442\\u0443\\u0440\\u0430\", \"fields\": [\"\\u0417\\u043d\\u0430\\u0447\\u0435\\u043d\\u0438\\u0435\"]}}]', 4, 12),
(675, '2025-02-10 17:04:22.685447', '11', 'Intel Core i7 12700K', 2, '[{\"deleted\": {\"name\": \"\\u041a\\u0430\\u0440\\u0442\\u0438\\u043d\\u043a\\u0430 \\u043a \\u0442\\u043e\\u0432\\u0430\\u0440\\u0443\", \"object\": \"Intel Core i7 12700K\"}}, {\"deleted\": {\"name\": \"\\u041a\\u0430\\u0440\\u0442\\u0438\\u043d\\u043a\\u0430 \\u043a \\u0442\\u043e\\u0432\\u0430\\u0440\\u0443\", \"object\": \"Intel Core i7 12700K\"}}, {\"deleted\": {\"name\": \"\\u041a\\u0430\\u0440\\u0442\\u0438\\u043d\\u043a\\u0430 \\u043a \\u0442\\u043e\\u0432\\u0430\\u0440\\u0443\", \"object\": \"Intel Core i7 12700K\"}}, {\"deleted\": {\"name\": \"\\u041a\\u0430\\u0440\\u0442\\u0438\\u043d\\u043a\\u0430 \\u043a \\u0442\\u043e\\u0432\\u0430\\u0440\\u0443\", \"object\": \"Intel Core i7 12700K\"}}]', 4, 12),
(676, '2025-02-10 17:04:52.541489', '11', 'Intel Core i7 12700K', 2, '[{\"added\": {\"name\": \"\\u041a\\u0430\\u0440\\u0442\\u0438\\u043d\\u043a\\u0430 \\u043a \\u0442\\u043e\\u0432\\u0430\\u0440\\u0443\", \"object\": \"Intel Core i7 12700K\"}}, {\"added\": {\"name\": \"\\u041a\\u0430\\u0440\\u0442\\u0438\\u043d\\u043a\\u0430 \\u043a \\u0442\\u043e\\u0432\\u0430\\u0440\\u0443\", \"object\": \"Intel Core i7 12700K\"}}, {\"added\": {\"name\": \"\\u041a\\u0430\\u0440\\u0442\\u0438\\u043d\\u043a\\u0430 \\u043a \\u0442\\u043e\\u0432\\u0430\\u0440\\u0443\", \"object\": \"Intel Core i7 12700K\"}}, {\"added\": {\"name\": \"\\u041a\\u0430\\u0440\\u0442\\u0438\\u043d\\u043a\\u0430 \\u043a \\u0442\\u043e\\u0432\\u0430\\u0440\\u0443\", \"object\": \"Intel Core i7 12700K\"}}]', 4, 12),
(677, '2025-02-10 17:17:05.034875', '12', 'AMD Ryzen 7 5800X', 2, '[{\"changed\": {\"fields\": [\"\\u0426\\u0435\\u043d\\u0430 \\u0441\\u043e \\u0441\\u043a\\u0438\\u0434\\u043a\\u043e\\u0439\", \"\\u041e\\u043f\\u0438\\u0441\\u0430\\u043d\\u0438\\u0435\"]}}, {\"added\": {\"name\": \"\\u041a\\u0430\\u0440\\u0442\\u0438\\u043d\\u043a\\u0430 \\u043a \\u0442\\u043e\\u0432\\u0430\\u0440\\u0443\", \"object\": \"AMD Ryzen 7 5800X\"}}, {\"added\": {\"name\": \"\\u041a\\u0430\\u0440\\u0442\\u0438\\u043d\\u043a\\u0430 \\u043a \\u0442\\u043e\\u0432\\u0430\\u0440\\u0443\", \"object\": \"AMD Ryzen 7 5800X\"}}, {\"added\": {\"name\": \"\\u041a\\u0430\\u0440\\u0442\\u0438\\u043d\\u043a\\u0430 \\u043a \\u0442\\u043e\\u0432\\u0430\\u0440\\u0443\", \"object\": \"AMD Ryzen 7 5800X\"}}, {\"added\": {\"name\": \"\\u041a\\u0430\\u0440\\u0442\\u0438\\u043d\\u043a\\u0430 \\u043a \\u0442\\u043e\\u0432\\u0430\\u0440\\u0443\", \"object\": \"AMD Ryzen 7 5800X\"}}, {\"added\": {\"name\": \"\\u041a\\u0430\\u0440\\u0442\\u0438\\u043d\\u043a\\u0430 \\u043a \\u0442\\u043e\\u0432\\u0430\\u0440\\u0443\", \"object\": \"AMD Ryzen 7 5800X\"}}, {\"added\": {\"name\": \"\\u0425\\u0430\\u0440\\u0430\\u043a\\u0442\\u0435\\u0440\\u0438\\u0441\\u0442\\u0438\\u043a\\u0443 \\u043a \\u0442\\u043e\\u0432\\u0430\\u0440\\u0443\", \"object\": \"\\u041e\\u043f\\u0435\\u0440\\u0430\\u0442\\u0438\\u0432\\u043d\\u0430\\u044f \\u043f\\u0430\\u043c\\u044f\\u0442\\u044c\"}}, {\"added\": {\"name\": \"\\u0425\\u0430\\u0440\\u0430\\u043a\\u0442\\u0435\\u0440\\u0438\\u0441\\u0442\\u0438\\u043a\\u0443 \\u043a \\u0442\\u043e\\u0432\\u0430\\u0440\\u0443\", \"object\": \"\\u041e\\u043f\\u0435\\u0440\\u0430\\u0442\\u0438\\u0432\\u043d\\u0430\\u044f \\u043f\\u0430\\u043c\\u044f\\u0442\\u044c\"}}, {\"added\": {\"name\": \"\\u0425\\u0430\\u0440\\u0430\\u043a\\u0442\\u0435\\u0440\\u0438\\u0441\\u0442\\u0438\\u043a\\u0443 \\u043a \\u0442\\u043e\\u0432\\u0430\\u0440\\u0443\", \"object\": \"\\u042f\\u0434\\u0440\\u043e \\u0438 \\u0430\\u0440\\u0445\\u0438\\u0442\\u0435\\u043a\\u0442\\u0443\\u0440\\u0430\"}}, {\"added\": {\"name\": \"\\u0425\\u0430\\u0440\\u0430\\u043a\\u0442\\u0435\\u0440\\u0438\\u0441\\u0442\\u0438\\u043a\\u0443 \\u043a \\u0442\\u043e\\u0432\\u0430\\u0440\\u0443\", \"object\": \"\\u042f\\u0434\\u0440\\u043e \\u0438 \\u0430\\u0440\\u0445\\u0438\\u0442\\u0435\\u043a\\u0442\\u0443\\u0440\\u0430\"}}, {\"added\": {\"name\": \"\\u0425\\u0430\\u0440\\u0430\\u043a\\u0442\\u0435\\u0440\\u0438\\u0441\\u0442\\u0438\\u043a\\u0443 \\u043a \\u0442\\u043e\\u0432\\u0430\\u0440\\u0443\", \"object\": \"\\u042f\\u0434\\u0440\\u043e \\u0438 \\u0430\\u0440\\u0445\\u0438\\u0442\\u0435\\u043a\\u0442\\u0443\\u0440\\u0430\"}}, {\"added\": {\"name\": \"\\u0425\\u0430\\u0440\\u0430\\u043a\\u0442\\u0435\\u0440\\u0438\\u0441\\u0442\\u0438\\u043a\\u0443 \\u043a \\u0442\\u043e\\u0432\\u0430\\u0440\\u0443\", \"object\": \"\\u042f\\u0434\\u0440\\u043e \\u0438 \\u0430\\u0440\\u0445\\u0438\\u0442\\u0435\\u043a\\u0442\\u0443\\u0440\\u0430\"}}, {\"added\": {\"name\": \"\\u0425\\u0430\\u0440\\u0430\\u043a\\u0442\\u0435\\u0440\\u0438\\u0441\\u0442\\u0438\\u043a\\u0443 \\u043a \\u0442\\u043e\\u0432\\u0430\\u0440\\u0443\", \"object\": \"\\u0422\\u0435\\u043f\\u043b\\u043e\\u0432\\u044b\\u0435 \\u0445\\u0430\\u0440\\u0430\\u043a\\u0442\\u0435\\u0440\\u0438\\u0441\\u0442\\u0438\\u043a\\u0438\"}}, {\"added\": {\"name\": \"\\u0425\\u0430\\u0440\\u0430\\u043a\\u0442\\u0435\\u0440\\u0438\\u0441\\u0442\\u0438\\u043a\\u0443 \\u043a \\u0442\\u043e\\u0432\\u0430\\u0440\\u0443\", \"object\": \"\\u041e\\u0431\\u0449\\u0438\\u0435\"}}, {\"added\": {\"name\": \"\\u0425\\u0430\\u0440\\u0430\\u043a\\u0442\\u0435\\u0440\\u0438\\u0441\\u0442\\u0438\\u043a\\u0443 \\u043a \\u0442\\u043e\\u0432\\u0430\\u0440\\u0443\", \"object\": \"\\u041e\\u0431\\u0449\\u0438\\u0435\"}}, {\"added\": {\"name\": \"\\u0425\\u0430\\u0440\\u0430\\u043a\\u0442\\u0435\\u0440\\u0438\\u0441\\u0442\\u0438\\u043a\\u0443 \\u043a \\u0442\\u043e\\u0432\\u0430\\u0440\\u0443\", \"object\": \"\\u0414\\u043e\\u043f\\u043e\\u043b\\u043d\\u0438\\u0442\\u0435\\u043b\\u044c\\u043d\\u044b\\u0435\"}}, {\"added\": {\"name\": \"\\u0425\\u0430\\u0440\\u0430\\u043a\\u0442\\u0435\\u0440\\u0438\\u0441\\u0442\\u0438\\u043a\\u0443 \\u043a \\u0442\\u043e\\u0432\\u0430\\u0440\\u0443\", \"object\": \"\\u0414\\u043e\\u043f\\u043e\\u043b\\u043d\\u0438\\u0442\\u0435\\u043b\\u044c\\u043d\\u044b\\u0435\"}}, {\"added\": {\"name\": \"\\u0425\\u0430\\u0440\\u0430\\u043a\\u0442\\u0435\\u0440\\u0438\\u0441\\u0442\\u0438\\u043a\\u0443 \\u043a \\u0442\\u043e\\u0432\\u0430\\u0440\\u0443\", \"object\": \"\\u0414\\u043e\\u043f\\u043e\\u043b\\u043d\\u0438\\u0442\\u0435\\u043b\\u044c\\u043d\\u044b\\u0435\"}}, {\"added\": {\"name\": \"\\u0425\\u0430\\u0440\\u0430\\u043a\\u0442\\u0435\\u0440\\u0438\\u0441\\u0442\\u0438\\u043a\\u0443 \\u043a \\u0442\\u043e\\u0432\\u0430\\u0440\\u0443\", \"object\": \"\\u0414\\u043e\\u043f\\u043e\\u043b\\u043d\\u0438\\u0442\\u0435\\u043b\\u044c\\u043d\\u044b\\u0435\"}}, {\"added\": {\"name\": \"\\u0425\\u0430\\u0440\\u0430\\u043a\\u0442\\u0435\\u0440\\u0438\\u0441\\u0442\\u0438\\u043a\\u0443 \\u043a \\u0442\\u043e\\u0432\\u0430\\u0440\\u0443\", \"object\": \"\\u0414\\u043e\\u043f\\u043e\\u043b\\u043d\\u0438\\u0442\\u0435\\u043b\\u044c\\u043d\\u044b\\u0435\"}}, {\"changed\": {\"name\": \"\\u0425\\u0430\\u0440\\u0430\\u043a\\u0442\\u0435\\u0440\\u0438\\u0441\\u0442\\u0438\\u043a\\u0443 \\u043a \\u0442\\u043e\\u0432\\u0430\\u0440\\u0443\", \"object\": \"\\u042f\\u0434\\u0440\\u043e \\u0438 \\u0430\\u0440\\u0445\\u0438\\u0442\\u0435\\u043a\\u0442\\u0443\\u0440\\u0430\", \"fields\": [\"\\u0425\\u0430\\u0440\\u0430\\u043a\\u0442\\u0435\\u0440\\u0438\\u0441\\u0442\\u0438\\u043a\\u0430\", \"\\u0417\\u043d\\u0430\\u0447\\u0435\\u043d\\u0438\\u0435\"]}}, {\"changed\": {\"name\": \"\\u0425\\u0430\\u0440\\u0430\\u043a\\u0442\\u0435\\u0440\\u0438\\u0441\\u0442\\u0438\\u043a\\u0443 \\u043a \\u0442\\u043e\\u0432\\u0430\\u0440\\u0443\", \"object\": \"\\u041f\\u0440\\u043e\\u0446\\u0435\\u0441\\u0441\\u043e\\u0440\\u044b\", \"fields\": [\"\\u0417\\u043d\\u0430\\u0447\\u0435\\u043d\\u0438\\u0435\"]}}, {\"changed\": {\"name\": \"\\u0425\\u0430\\u0440\\u0430\\u043a\\u0442\\u0435\\u0440\\u0438\\u0441\\u0442\\u0438\\u043a\\u0443 \\u043a \\u0442\\u043e\\u0432\\u0430\\u0440\\u0443\", \"object\": \"\\u041e\\u043f\\u0435\\u0440\\u0430\\u0442\\u0438\\u0432\\u043d\\u0430\\u044f \\u043f\\u0430\\u043c\\u044f\\u0442\\u044c\", \"fields\": [\"\\u0425\\u0430\\u0440\\u0430\\u043a\\u0442\\u0435\\u0440\\u0438\\u0441\\u0442\\u0438\\u043a\\u0430\", \"\\u0417\\u043d\\u0430\\u0447\\u0435\\u043d\\u0438\\u0435\"]}}]', 4, 12),
(678, '2025-02-10 17:34:35.997302', '13', 'AMD Radeon RX 7900 XTX', 2, '[{\"changed\": {\"fields\": [\"\\u041e\\u043f\\u0438\\u0441\\u0430\\u043d\\u0438\\u0435\"]}}, {\"added\": {\"name\": \"\\u041a\\u0430\\u0440\\u0442\\u0438\\u043d\\u043a\\u0430 \\u043a \\u0442\\u043e\\u0432\\u0430\\u0440\\u0443\", \"object\": \"AMD Radeon RX 7900 XTX\"}}, {\"added\": {\"name\": \"\\u041a\\u0430\\u0440\\u0442\\u0438\\u043d\\u043a\\u0430 \\u043a \\u0442\\u043e\\u0432\\u0430\\u0440\\u0443\", \"object\": \"AMD Radeon RX 7900 XTX\"}}, {\"added\": {\"name\": \"\\u041a\\u0430\\u0440\\u0442\\u0438\\u043d\\u043a\\u0430 \\u043a \\u0442\\u043e\\u0432\\u0430\\u0440\\u0443\", \"object\": \"AMD Radeon RX 7900 XTX\"}}, {\"added\": {\"name\": \"\\u041a\\u0430\\u0440\\u0442\\u0438\\u043d\\u043a\\u0430 \\u043a \\u0442\\u043e\\u0432\\u0430\\u0440\\u0443\", \"object\": \"AMD Radeon RX 7900 XTX\"}}, {\"added\": {\"name\": \"\\u041a\\u0430\\u0440\\u0442\\u0438\\u043d\\u043a\\u0430 \\u043a \\u0442\\u043e\\u0432\\u0430\\u0440\\u0443\", \"object\": \"AMD Radeon RX 7900 XTX\"}}, {\"added\": {\"name\": \"\\u041a\\u0430\\u0440\\u0442\\u0438\\u043d\\u043a\\u0430 \\u043a \\u0442\\u043e\\u0432\\u0430\\u0440\\u0443\", \"object\": \"AMD Radeon RX 7900 XTX\"}}, {\"added\": {\"name\": \"\\u041a\\u0430\\u0440\\u0442\\u0438\\u043d\\u043a\\u0430 \\u043a \\u0442\\u043e\\u0432\\u0430\\u0440\\u0443\", \"object\": \"AMD Radeon RX 7900 XTX\"}}]', 4, 12),
(679, '2025-02-10 17:35:37.029283', '13', 'AMD Radeon RX 7900 XTX', 2, '[{\"changed\": {\"fields\": [\"\\u041e\\u043f\\u0438\\u0441\\u0430\\u043d\\u0438\\u0435\"]}}]', 4, 12),
(680, '2025-02-10 17:36:31.541885', '13', 'AMD Radeon RX 7900 XTX', 2, '[{\"changed\": {\"fields\": [\"\\u041e\\u043f\\u0438\\u0441\\u0430\\u043d\\u0438\\u0435\"]}}]', 4, 12),
(681, '2025-02-10 17:38:47.630001', '13', 'AMD Radeon RX 7900 XTX', 2, '[{\"changed\": {\"fields\": [\"\\u041e\\u043f\\u0438\\u0441\\u0430\\u043d\\u0438\\u0435\"]}}]', 4, 12),
(682, '2025-02-10 17:44:03.333888', '160', 'Частота шины памяти, МГц - Видеокарты', 1, '[{\"added\": {}}]', 3, 12),
(683, '2025-02-10 17:45:16.776856', '161', 'Высота модуля - Все', 1, '[{\"added\": {}}]', 3, 12),
(684, '2025-02-10 17:50:03.462836', '13', 'AMD Radeon RX 7900 XTX', 2, '[{\"changed\": {\"fields\": [\"\\u0426\\u0435\\u043d\\u0430\", \"\\u0426\\u0435\\u043d\\u0430 \\u0441\\u043e \\u0441\\u043a\\u0438\\u0434\\u043a\\u043e\\u0439\"]}}, {\"added\": {\"name\": \"\\u0425\\u0430\\u0440\\u0430\\u043a\\u0442\\u0435\\u0440\\u0438\\u0441\\u0442\\u0438\\u043a\\u0443 \\u043a \\u0442\\u043e\\u0432\\u0430\\u0440\\u0443\", \"object\": \"\\u0421\\u043f\\u0435\\u0446\\u0438\\u0444\\u0438\\u043a\\u0430\\u0446\\u0438\\u044f \\u0432\\u0438\\u0434\\u0435\\u043e\\u043f\\u0430\\u043c\\u044f\\u0442\\u0438\"}}, {\"added\": {\"name\": \"\\u0425\\u0430\\u0440\\u0430\\u043a\\u0442\\u0435\\u0440\\u0438\\u0441\\u0442\\u0438\\u043a\\u0443 \\u043a \\u0442\\u043e\\u0432\\u0430\\u0440\\u0443\", \"object\": \"\\u0413\\u0430\\u0431\\u0430\\u0440\\u0438\\u0442\\u044b \\u0438 \\u0432\\u0435\\u0441\"}}, {\"added\": {\"name\": \"\\u0425\\u0430\\u0440\\u0430\\u043a\\u0442\\u0435\\u0440\\u0438\\u0441\\u0442\\u0438\\u043a\\u0443 \\u043a \\u0442\\u043e\\u0432\\u0430\\u0440\\u0443\", \"object\": \"\\u0413\\u0430\\u0431\\u0430\\u0440\\u0438\\u0442\\u044b \\u0438 \\u0432\\u0435\\u0441\"}}, {\"added\": {\"name\": \"\\u0425\\u0430\\u0440\\u0430\\u043a\\u0442\\u0435\\u0440\\u0438\\u0441\\u0442\\u0438\\u043a\\u0443 \\u043a \\u0442\\u043e\\u0432\\u0430\\u0440\\u0443\", \"object\": \"\\u0413\\u0430\\u0431\\u0430\\u0440\\u0438\\u0442\\u044b \\u0438 \\u0432\\u0435\\u0441\"}}, {\"added\": {\"name\": \"\\u0425\\u0430\\u0440\\u0430\\u043a\\u0442\\u0435\\u0440\\u0438\\u0441\\u0442\\u0438\\u043a\\u0443 \\u043a \\u0442\\u043e\\u0432\\u0430\\u0440\\u0443\", \"object\": \"\\u0413\\u0430\\u0431\\u0430\\u0440\\u0438\\u0442\\u044b \\u0438 \\u0432\\u0435\\u0441\"}}, {\"added\": {\"name\": \"\\u0425\\u0430\\u0440\\u0430\\u043a\\u0442\\u0435\\u0440\\u0438\\u0441\\u0442\\u0438\\u043a\\u0443 \\u043a \\u0442\\u043e\\u0432\\u0430\\u0440\\u0443\", \"object\": \"\\u0421\\u043f\\u0435\\u0446\\u0438\\u0444\\u0438\\u043a\\u0430\\u0446\\u0438\\u044f \\u0432\\u0438\\u0434\\u0435\\u043e\\u043f\\u0440\\u043e\\u0446\\u0435\\u0441\\u0441\\u043e\\u0440\\u0430\"}}, {\"added\": {\"name\": \"\\u0425\\u0430\\u0440\\u0430\\u043a\\u0442\\u0435\\u0440\\u0438\\u0441\\u0442\\u0438\\u043a\\u0443 \\u043a \\u0442\\u043e\\u0432\\u0430\\u0440\\u0443\", \"object\": \"\\u0421\\u043f\\u0435\\u0446\\u0438\\u0444\\u0438\\u043a\\u0430\\u0446\\u0438\\u044f \\u0432\\u0438\\u0434\\u0435\\u043e\\u043f\\u0440\\u043e\\u0446\\u0435\\u0441\\u0441\\u043e\\u0440\\u0430\"}}, {\"added\": {\"name\": \"\\u0425\\u0430\\u0440\\u0430\\u043a\\u0442\\u0435\\u0440\\u0438\\u0441\\u0442\\u0438\\u043a\\u0443 \\u043a \\u0442\\u043e\\u0432\\u0430\\u0440\\u0443\", \"object\": \"\\u0418\\u043d\\u0442\\u0435\\u0440\\u0444\\u0435\\u0439\\u0441\\u044b \\u0438 \\u0432\\u044b\\u0432\\u043e\\u0434 \\u0438\\u0437\\u043e\\u0431\\u0440\\u0430\\u0436\\u0435\\u043d\\u0438\\u044f\"}}, {\"added\": {\"name\": \"\\u0425\\u0430\\u0440\\u0430\\u043a\\u0442\\u0435\\u0440\\u0438\\u0441\\u0442\\u0438\\u043a\\u0443 \\u043a \\u0442\\u043e\\u0432\\u0430\\u0440\\u0443\", \"object\": \"\\u0418\\u043d\\u0442\\u0435\\u0440\\u0444\\u0435\\u0439\\u0441\\u044b \\u0438 \\u0432\\u044b\\u0432\\u043e\\u0434 \\u0438\\u0437\\u043e\\u0431\\u0440\\u0430\\u0436\\u0435\\u043d\\u0438\\u044f\"}}, {\"added\": {\"name\": \"\\u0425\\u0430\\u0440\\u0430\\u043a\\u0442\\u0435\\u0440\\u0438\\u0441\\u0442\\u0438\\u043a\\u0443 \\u043a \\u0442\\u043e\\u0432\\u0430\\u0440\\u0443\", \"object\": \"\\u0418\\u043d\\u0442\\u0435\\u0440\\u0444\\u0435\\u0439\\u0441\\u044b \\u0438 \\u0432\\u044b\\u0432\\u043e\\u0434 \\u0438\\u0437\\u043e\\u0431\\u0440\\u0430\\u0436\\u0435\\u043d\\u0438\\u044f\"}}, {\"added\": {\"name\": \"\\u0425\\u0430\\u0440\\u0430\\u043a\\u0442\\u0435\\u0440\\u0438\\u0441\\u0442\\u0438\\u043a\\u0443 \\u043a \\u0442\\u043e\\u0432\\u0430\\u0440\\u0443\", \"object\": \"\\u0418\\u043d\\u0442\\u0435\\u0440\\u0444\\u0435\\u0439\\u0441\\u044b \\u0438 \\u0432\\u044b\\u0432\\u043e\\u0434 \\u0438\\u0437\\u043e\\u0431\\u0440\\u0430\\u0436\\u0435\\u043d\\u0438\\u044f\"}}, {\"added\": {\"name\": \"\\u0425\\u0430\\u0440\\u0430\\u043a\\u0442\\u0435\\u0440\\u0438\\u0441\\u0442\\u0438\\u043a\\u0443 \\u043a \\u0442\\u043e\\u0432\\u0430\\u0440\\u0443\", \"object\": \"\\u0414\\u043e\\u043f\\u043e\\u043b\\u043d\\u0438\\u0442\\u0435\\u043b\\u044c\\u043d\\u044b\\u0435\"}}, {\"added\": {\"name\": \"\\u0425\\u0430\\u0440\\u0430\\u043a\\u0442\\u0435\\u0440\\u0438\\u0441\\u0442\\u0438\\u043a\\u0443 \\u043a \\u0442\\u043e\\u0432\\u0430\\u0440\\u0443\", \"object\": \"\\u041e\\u0431\\u0449\\u0438\\u0435\"}}, {\"added\": {\"name\": \"\\u0425\\u0430\\u0440\\u0430\\u043a\\u0442\\u0435\\u0440\\u0438\\u0441\\u0442\\u0438\\u043a\\u0443 \\u043a \\u0442\\u043e\\u0432\\u0430\\u0440\\u0443\", \"object\": \"\\u041e\\u0445\\u043b\\u0430\\u0436\\u0434\\u0435\\u043d\\u0438\\u0435\"}}, {\"added\": {\"name\": \"\\u0425\\u0430\\u0440\\u0430\\u043a\\u0442\\u0435\\u0440\\u0438\\u0441\\u0442\\u0438\\u043a\\u0443 \\u043a \\u0442\\u043e\\u0432\\u0430\\u0440\\u0443\", \"object\": \"\\u041e\\u0445\\u043b\\u0430\\u0436\\u0434\\u0435\\u043d\\u0438\\u0435\"}}, {\"added\": {\"name\": \"\\u0425\\u0430\\u0440\\u0430\\u043a\\u0442\\u0435\\u0440\\u0438\\u0441\\u0442\\u0438\\u043a\\u0443 \\u043a \\u0442\\u043e\\u0432\\u0430\\u0440\\u0443\", \"object\": \"\\u041e\\u0445\\u043b\\u0430\\u0436\\u0434\\u0435\\u043d\\u0438\\u0435\"}}, {\"added\": {\"name\": \"\\u0425\\u0430\\u0440\\u0430\\u043a\\u0442\\u0435\\u0440\\u0438\\u0441\\u0442\\u0438\\u043a\\u0443 \\u043a \\u0442\\u043e\\u0432\\u0430\\u0440\\u0443\", \"object\": \"\\u0414\\u043e\\u043f\\u043e\\u043b\\u043d\\u0438\\u0442\\u0435\\u043b\\u044c\\u043d\\u044b\\u0435\"}}, {\"added\": {\"name\": \"\\u0425\\u0430\\u0440\\u0430\\u043a\\u0442\\u0435\\u0440\\u0438\\u0441\\u0442\\u0438\\u043a\\u0443 \\u043a \\u0442\\u043e\\u0432\\u0430\\u0440\\u0443\", \"object\": \"\\u0414\\u043e\\u043f\\u043e\\u043b\\u043d\\u0438\\u0442\\u0435\\u043b\\u044c\\u043d\\u044b\\u0435\"}}, {\"added\": {\"name\": \"\\u0425\\u0430\\u0440\\u0430\\u043a\\u0442\\u0435\\u0440\\u0438\\u0441\\u0442\\u0438\\u043a\\u0443 \\u043a \\u0442\\u043e\\u0432\\u0430\\u0440\\u0443\", \"object\": \"\\u0414\\u043e\\u043f\\u043e\\u043b\\u043d\\u0438\\u0442\\u0435\\u043b\\u044c\\u043d\\u044b\\u0435\"}}, {\"added\": {\"name\": \"\\u0425\\u0430\\u0440\\u0430\\u043a\\u0442\\u0435\\u0440\\u0438\\u0441\\u0442\\u0438\\u043a\\u0443 \\u043a \\u0442\\u043e\\u0432\\u0430\\u0440\\u0443\", \"object\": \"\\u0414\\u043e\\u043f\\u043e\\u043b\\u043d\\u0438\\u0442\\u0435\\u043b\\u044c\\u043d\\u044b\\u0435\"}}, {\"added\": {\"name\": \"\\u0425\\u0430\\u0440\\u0430\\u043a\\u0442\\u0435\\u0440\\u0438\\u0441\\u0442\\u0438\\u043a\\u0443 \\u043a \\u0442\\u043e\\u0432\\u0430\\u0440\\u0443\", \"object\": \"\\u0414\\u043e\\u043f\\u043e\\u043b\\u043d\\u0438\\u0442\\u0435\\u043b\\u044c\\u043d\\u044b\\u0435\"}}, {\"changed\": {\"name\": \"\\u0425\\u0430\\u0440\\u0430\\u043a\\u0442\\u0435\\u0440\\u0438\\u0441\\u0442\\u0438\\u043a\\u0443 \\u043a \\u0442\\u043e\\u0432\\u0430\\u0440\\u0443\", \"object\": \"\\u0421\\u043f\\u0435\\u0446\\u0438\\u0444\\u0438\\u043a\\u0430\\u0446\\u0438\\u044f \\u0432\\u0438\\u0434\\u0435\\u043e\\u043f\\u0430\\u043c\\u044f\\u0442\\u0438\", \"fields\": [\"\\u0425\\u0430\\u0440\\u0430\\u043a\\u0442\\u0435\\u0440\\u0438\\u0441\\u0442\\u0438\\u043a\\u0430\", \"\\u0417\\u043d\\u0430\\u0447\\u0435\\u043d\\u0438\\u0435\"]}}, {\"changed\": {\"name\": \"\\u0425\\u0430\\u0440\\u0430\\u043a\\u0442\\u0435\\u0440\\u0438\\u0441\\u0442\\u0438\\u043a\\u0443 \\u043a \\u0442\\u043e\\u0432\\u0430\\u0440\\u0443\", \"object\": \"\\u041e\\u043f\\u0435\\u0440\\u0430\\u0442\\u0438\\u0432\\u043d\\u0430\\u044f \\u043f\\u0430\\u043c\\u044f\\u0442\\u044c\", \"fields\": [\"\\u0425\\u0430\\u0440\\u0430\\u043a\\u0442\\u0435\\u0440\\u0438\\u0441\\u0442\\u0438\\u043a\\u0430\", \"\\u0417\\u043d\\u0430\\u0447\\u0435\\u043d\\u0438\\u0435\"]}}, {\"changed\": {\"name\": \"\\u0425\\u0430\\u0440\\u0430\\u043a\\u0442\\u0435\\u0440\\u0438\\u0441\\u0442\\u0438\\u043a\\u0443 \\u043a \\u0442\\u043e\\u0432\\u0430\\u0440\\u0443\", \"object\": \"\\u0412\\u0438\\u0434\\u0435\\u043e\\u043a\\u0430\\u0440\\u0442\\u044b\", \"fields\": [\"\\u0417\\u043d\\u0430\\u0447\\u0435\\u043d\\u0438\\u0435\"]}}, {\"changed\": {\"name\": \"\\u0425\\u0430\\u0440\\u0430\\u043a\\u0442\\u0435\\u0440\\u0438\\u0441\\u0442\\u0438\\u043a\\u0443 \\u043a \\u0442\\u043e\\u0432\\u0430\\u0440\\u0443\", \"object\": \"\\u0412\\u0438\\u0434\\u0435\\u043e\\u043a\\u0430\\u0440\\u0442\\u044b\", \"fields\": [\"\\u0417\\u043d\\u0430\\u0447\\u0435\\u043d\\u0438\\u0435\"]}}, {\"changed\": {\"name\": \"\\u0425\\u0430\\u0440\\u0430\\u043a\\u0442\\u0435\\u0440\\u0438\\u0441\\u0442\\u0438\\u043a\\u0443 \\u043a \\u0442\\u043e\\u0432\\u0430\\u0440\\u0443\", \"object\": \"\\u041f\\u043e\\u0434\\u043a\\u043b\\u044e\\u0447\\u0435\\u043d\\u0438\\u0435\", \"fields\": [\"\\u0425\\u0430\\u0440\\u0430\\u043a\\u0442\\u0435\\u0440\\u0438\\u0441\\u0442\\u0438\\u043a\\u0430\"]}}, {\"changed\": {\"name\": \"\\u0425\\u0430\\u0440\\u0430\\u043a\\u0442\\u0435\\u0440\\u0438\\u0441\\u0442\\u0438\\u043a\\u0443 \\u043a \\u0442\\u043e\\u0432\\u0430\\u0440\\u0443\", \"object\": \"\\u0418\\u043d\\u0442\\u0435\\u0440\\u0444\\u0435\\u0439\\u0441\\u044b \\u0438 \\u0432\\u044b\\u0432\\u043e\\u0434 \\u0438\\u0437\\u043e\\u0431\\u0440\\u0430\\u0436\\u0435\\u043d\\u0438\\u044f\", \"fields\": [\"\\u0425\\u0430\\u0440\\u0430\\u043a\\u0442\\u0435\\u0440\\u0438\\u0441\\u0442\\u0438\\u043a\\u0430\"]}}, {\"changed\": {\"name\": \"\\u0425\\u0430\\u0440\\u0430\\u043a\\u0442\\u0435\\u0440\\u0438\\u0441\\u0442\\u0438\\u043a\\u0443 \\u043a \\u0442\\u043e\\u0432\\u0430\\u0440\\u0443\", \"object\": \"\\u0412\\u0438\\u0434\\u0435\\u043e\\u043a\\u0430\\u0440\\u0442\\u044b\", \"fields\": [\"\\u0417\\u043d\\u0430\\u0447\\u0435\\u043d\\u0438\\u0435\"]}}, {\"changed\": {\"name\": \"\\u0425\\u0430\\u0440\\u0430\\u043a\\u0442\\u0435\\u0440\\u0438\\u0441\\u0442\\u0438\\u043a\\u0443 \\u043a \\u0442\\u043e\\u0432\\u0430\\u0440\\u0443\", \"object\": \"\\u0412\\u0438\\u0434\\u0435\\u043e\\u043a\\u0430\\u0440\\u0442\\u044b\", \"fields\": [\"\\u0417\\u043d\\u0430\\u0447\\u0435\\u043d\\u0438\\u0435\"]}}]', 4, 12),
(685, '2025-02-10 17:50:51.023392', '2', 'Видеокарта AMD Radeon RX 7900 XTX', 3, '', 4, 12),
(686, '2025-02-10 17:51:20.453400', '13', 'AMD Radeon RX 7900 XTX', 2, '[{\"changed\": {\"fields\": [\"\\u041e\\u043f\\u0438\\u0441\\u0430\\u043d\\u0438\\u0435\"]}}]', 4, 12),
(687, '2025-02-10 17:52:07.753968', '13', 'AMD Radeon RX 7900 XTX', 2, '[{\"changed\": {\"fields\": [\"\\u041e\\u043f\\u0438\\u0441\\u0430\\u043d\\u0438\\u0435\"]}}]', 4, 12),
(688, '2025-02-10 17:52:33.626948', '13', 'AMD Radeon RX 7900 XTX', 2, '[{\"changed\": {\"fields\": [\"\\u041e\\u043f\\u0438\\u0441\\u0430\\u043d\\u0438\\u0435\"]}}]', 4, 12),
(689, '2025-02-10 17:59:10.178739', '13', 'AMD Radeon RX 7900 XTX', 2, '[{\"changed\": {\"fields\": [\"\\u041e\\u043f\\u0438\\u0441\\u0430\\u043d\\u0438\\u0435\"]}}]', 4, 12),
(690, '2025-02-10 18:00:54.997802', '13', 'AMD Radeon RX 7900 XTX', 2, '[{\"changed\": {\"fields\": [\"\\u041e\\u043f\\u0438\\u0441\\u0430\\u043d\\u0438\\u0435\"]}}]', 4, 12),
(691, '2025-02-10 18:01:27.233837', '13', 'AMD Radeon RX 7900 XTX', 2, '[{\"changed\": {\"fields\": [\"\\u041e\\u043f\\u0438\\u0441\\u0430\\u043d\\u0438\\u0435\"]}}]', 4, 12),
(692, '2025-02-10 18:02:08.574860', '13', 'AMD Radeon RX 7900 XTX', 2, '[{\"changed\": {\"fields\": [\"\\u041e\\u043f\\u0438\\u0441\\u0430\\u043d\\u0438\\u0435\"]}}]', 4, 12),
(693, '2025-02-10 18:02:34.686312', '13', 'AMD Radeon RX 7900 XTX', 2, '[{\"changed\": {\"fields\": [\"\\u041e\\u043f\\u0438\\u0441\\u0430\\u043d\\u0438\\u0435\"]}}]', 4, 12),
(694, '2025-02-17 14:39:21.192758', '8', 'Система водяного охлаждения ЮКОМС', 2, '[{\"added\": {\"name\": \"\\u0425\\u0430\\u0440\\u0430\\u043a\\u0442\\u0435\\u0440\\u0438\\u0441\\u0442\\u0438\\u043a\\u0443 \\u043a \\u0442\\u043e\\u0432\\u0430\\u0440\\u0443\", \"object\": \"\\u041e\\u0431\\u0449\\u0438\\u0435\"}}, {\"deleted\": {\"name\": \"\\u0425\\u0430\\u0440\\u0430\\u043a\\u0442\\u0435\\u0440\\u0438\\u0441\\u0442\\u0438\\u043a\\u0443 \\u043a \\u0442\\u043e\\u0432\\u0430\\u0440\\u0443\", \"object\": \"\\u041e\\u0431\\u0449\\u0438\\u0435\"}}]', 4, 12);

-- --------------------------------------------------------

--
-- Структура таблицы `django_content_type`
--

CREATE TABLE `django_content_type` (
  `id` int(11) NOT NULL,
  `app_label` varchar(100) NOT NULL,
  `model` varchar(100) NOT NULL
) ENGINE=InnoDB DEFAULT CHARSET=utf8mb4 COLLATE=utf8mb4_general_ci;

--
-- Дамп данных таблицы `django_content_type`
--

INSERT INTO `django_content_type` (`id`, `app_label`, `model`) VALUES
(7, 'admin', 'logentry'),
(9, 'auth', 'group'),
(8, 'auth', 'permission'),
(10, 'auth', 'user'),
(11, 'contenttypes', 'contenttype'),
(1, 'polls', 'avtor'),
(17, 'polls', 'basket'),
(2, 'polls', 'category'),
(19, 'polls', 'comments'),
(3, 'polls', 'detail'),
(14, 'polls', 'favorites'),
(15, 'polls', 'favoritess'),
(13, 'polls', 'gl_category'),
(16, 'polls', 'history_tovars'),
(6, 'polls', 'img_tovar'),
(20, 'polls', 'order'),
(21, 'polls', 'order_tovars'),
(5, 'polls', 'specs'),
(4, 'polls', 'tovars'),
(18, 'polls', 'userprofile'),
(12, 'sessions', 'session');

-- --------------------------------------------------------

--
-- Структура таблицы `django_migrations`
--

CREATE TABLE `django_migrations` (
  `id` bigint(20) NOT NULL,
  `app` varchar(255) NOT NULL,
  `name` varchar(255) NOT NULL,
  `applied` datetime(6) NOT NULL
) ENGINE=InnoDB DEFAULT CHARSET=utf8mb4 COLLATE=utf8mb4_general_ci;

--
-- Дамп данных таблицы `django_migrations`
--

INSERT INTO `django_migrations` (`id`, `app`, `name`, `applied`) VALUES
(1, 'contenttypes', '0001_initial', '2024-04-08 10:32:32.101195'),
(2, 'auth', '0001_initial', '2024-04-08 10:32:33.203234'),
(3, 'admin', '0001_initial', '2024-04-08 10:32:33.469302'),
(4, 'admin', '0002_logentry_remove_auto_add', '2024-04-08 10:32:33.486916'),
(5, 'admin', '0003_logentry_add_action_flag_choices', '2024-04-08 10:32:33.491966'),
(6, 'contenttypes', '0002_remove_content_type_name', '2024-04-08 10:32:33.603563'),
(7, 'auth', '0002_alter_permission_name_max_length', '2024-04-08 10:32:33.802169'),
(8, 'auth', '0003_alter_user_email_max_length', '2024-04-08 10:32:33.945332'),
(9, 'auth', '0004_alter_user_username_opts', '2024-04-08 10:32:33.950886'),
(10, 'auth', '0005_alter_user_last_login_null', '2024-04-08 10:32:34.034568'),
(11, 'auth', '0006_require_contenttypes_0002', '2024-04-08 10:32:34.039692'),
(12, 'auth', '0007_alter_validators_add_error_messages', '2024-04-08 10:32:34.049447'),
(13, 'auth', '0008_alter_user_username_max_length', '2024-04-08 10:32:34.072118'),
(14, 'auth', '0009_alter_user_last_name_max_length', '2024-04-08 10:32:34.092988'),
(15, 'auth', '0010_alter_group_name_max_length', '2024-04-08 10:32:34.212375'),
(16, 'auth', '0011_update_proxy_permissions', '2024-04-08 10:32:34.219377'),
(17, 'auth', '0012_alter_user_first_name_max_length', '2024-04-08 10:32:34.241810'),
(18, 'polls', '0001_initial', '2024-04-08 10:32:35.155109'),
(19, 'sessions', '0001_initial', '2024-04-08 10:32:35.222842'),
(20, 'polls', '0002_alter_detail_category_alter_img_tovar_img', '2024-04-08 11:15:56.565368'),
(21, 'auth', '0013_alter_user_email', '2024-04-14 18:52:48.465816'),
(22, 'polls', '0003_alter_avtor_options_alter_avtor_avtor_and_more', '2024-04-14 18:52:48.522931'),
(23, 'polls', '0004_gl_category_alter_img_tovar_img_category_gl_category', '2024-04-16 13:18:17.093506'),
(24, 'polls', '0005_alter_category_category_and_more', '2024-04-16 13:29:34.912890'),
(25, 'polls', '0006_alter_img_tovar_img_alter_tovars_category_favorites', '2024-04-22 14:31:19.780999'),
(26, 'polls', '0006_alter_img_tovar_img_alter_tovars_category_favoritess', '2024-04-22 16:16:11.949386'),
(27, 'polls', '0007_alter_img_tovar_img', '2024-04-25 13:17:36.725292'),
(28, 'polls', '0008_alter_img_tovar_img', '2024-04-25 13:17:36.733289'),
(29, 'polls', '0009_alter_img_tovar_img', '2024-04-25 13:17:57.311092'),
(30, 'polls', '0010_favoritess_created_at_alter_img_tovar_img', '2024-04-25 13:20:04.027506'),
(31, 'polls', '0011_alter_img_tovar_img_history_tovars', '2024-05-01 15:41:36.184980'),
(32, 'polls', '0012_remove_tovars_skidka_tovars_skidka_cost_and_more', '2024-05-01 17:02:05.897222'),
(33, 'polls', '0013_alter_avtor_slug_alter_category_slug_and_more', '2024-05-06 15:45:06.020376'),
(34, 'polls', '0014_detail_cotegory_tovar_alter_img_tovar_img_and_more', '2024-05-06 16:16:31.849525'),
(35, 'polls', '0015_remove_detail_cotegory_tovar_alter_img_tovar_img_and_more', '2024-05-06 16:44:57.192150'),
(36, 'polls', '0016_alter_img_tovar_img', '2024-05-06 16:47:50.550723'),
(37, 'polls', '0017_alter_detail_category_alter_img_tovar_img', '2024-05-06 17:15:43.775033'),
(38, 'polls', '0018_alter_detail_cotegory_tovar_alter_img_tovar_img', '2024-05-06 17:27:51.162369'),
(39, 'polls', '0019_alter_detail_cotegory_tovar_alter_img_tovar_img', '2024-05-06 17:30:32.404146'),
(40, 'polls', '0020_alter_img_tovar_img', '2024-05-06 18:05:33.083929'),
(41, 'polls', '0021_alter_detail_cotegory_tovar_alter_img_tovar_img', '2024-05-06 18:10:42.046033'),
(42, 'polls', '0022_img_tovar_is_video_alter_img_tovar_img', '2024-05-07 18:52:07.563146'),
(43, 'polls', '0023_alter_specs_options_alter_detail_cotegory_tovar_and_more', '2024-05-29 18:44:08.787471'),
(44, 'polls', '0024_rename_count_basket_t_count_alter_img_tovar_img', '2024-05-29 19:14:38.585198'),
(45, 'polls', '0025_alter_basket_t_count_alter_img_tovar_img', '2024-05-30 19:26:34.615610'),
(46, 'polls', '0026_alter_img_tovar_img_userprofile', '2024-06-06 14:41:47.488095'),
(47, 'polls', '0027_remove_userprofile_slug_userprofile_created_at_and_more', '2024-06-06 16:02:55.188924'),
(48, 'polls', '0028_alter_img_tovar_img', '2024-06-06 16:24:22.643712'),
(49, 'polls', '0029_remove_userprofile_created_at_alter_img_tovar_img_and_more', '2024-06-06 17:11:00.305273'),
(50, 'polls', '0030_userprofile_avatar_full_alter_img_tovar_img', '2024-06-09 13:32:07.224116'),
(51, 'polls', '0031_remove_userprofile_avatar_full_alter_img_tovar_img', '2024-06-09 14:05:28.848003'),
(52, 'polls', '0032_alter_img_tovar_img_order', '2024-06-09 16:36:07.008215'),
(53, 'polls', '0033_alter_img_tovar_options_alter_img_tovar_img_and_more', '2024-06-09 17:47:48.417907'),
(54, 'polls', '0034_order_sposob_dostavka_alter_img_tovar_img', '2024-06-09 17:54:36.186605'),
(55, 'polls', '0035_tovars_t_count_alter_img_tovar_img', '2024-06-10 13:13:11.203204'),
(56, 'polls', '0036_alter_img_tovar_img_alter_tovars_t_count_and_more', '2024-06-10 13:34:26.305217'),
(57, 'polls', '0037_alter_img_tovar_img_order', '2024-06-10 13:38:27.496067'),
(58, 'polls', '0038_alter_userprofile_options_basket_if_select_and_more', '2024-11-18 15:50:02.153732'),
(59, 'polls', '0039_order_fcs_order_adress_order_adress_mail_and_more', '2025-01-12 17:13:50.151064'),
(60, 'polls', '0040_alter_img_tovar_img_alter_order_fcs_and_more', '2025-01-15 18:57:28.214055'),
(61, 'polls', '0041_order_card_number_order_cvv_order_mm_order_yy_and_more', '2025-01-16 18:10:13.409028'),
(62, 'polls', '0042_alter_img_tovar_img_alter_order_sposob_dostavka_and_more', '2025-01-16 18:40:17.970104'),
(63, 'polls', '0043_alter_img_tovar_img_remove_order_tovar_order_and_more', '2025-01-16 18:44:39.749834'),
(64, 'polls', '0044_alter_img_tovar_img_alter_order_card_number', '2025-01-16 18:50:57.434138'),
(65, 'polls', '0045_alter_img_tovar_img_alter_order_fcs_and_more', '2025-01-16 18:53:02.519477'),
(66, 'polls', '0046_order_date_order_date_update_alter_img_tovar_img_and_more', '2025-01-16 19:07:44.474725'),
(67, 'polls', '0047_order_tovars_user_alter_img_tovar_img', '2025-01-16 19:25:20.278271'),
(68, 'polls', '0048_order_tovars_t_cost_alter_img_tovar_img', '2025-01-19 13:25:46.185745'),
(69, 'polls', '0049_order_errors_alter_img_tovar_img_and_more', '2025-01-19 14:51:10.779047'),
(70, 'polls', '0050_alter_img_tovar_img_alter_order_errors', '2025-01-19 15:18:11.802885'),
(71, 'polls', '0051_order_order_number_alter_img_tovar_img', '2025-01-19 15:18:11.904045'),
(72, 'polls', '0052_comments_score_star_comments_updatee_at_and_more', '2025-01-24 16:50:11.239219'),
(73, 'polls', '0053_alter_comments_created_at_alter_comments_score_star_and_more', '2025-01-24 16:50:57.064443'),
(74, 'polls', '0054_comments_baned_comments_baned_com_and_more', '2025-01-24 16:56:37.908111'),
(75, 'polls', '0055_rename_score_star_comments_star_and_more', '2025-01-24 17:08:47.019241'),
(76, 'polls', '0056_alter_comments_baned_alter_comments_baned_com_and_more', '2025-01-24 17:51:44.685697'),
(77, 'polls', '0057_alter_comments_baned_alter_img_tovar_img', '2025-01-24 17:52:30.237910'),
(78, 'polls', '0058_alter_comments_baned_com_alter_comments_created_at_and_more', '2025-01-24 18:11:01.311554'),
(79, 'polls', '0059_alter_comments_comment_alter_img_tovar_img', '2025-01-24 18:32:00.831342'),
(80, 'polls', '0060_alter_comments_options_alter_comments_comment_and_more', '2025-01-25 13:29:11.341442'),
(81, 'polls', '0061_comments_comm_edit_after_the_ban_alter_img_tovar_img', '2025-01-27 17:33:05.722713'),
(82, 'polls', '0062_remove_comments_comm_edit_after_the_ban_and_more', '2025-01-27 17:35:44.591999'),
(83, 'polls', '0063_comments_baned_date_alter_img_tovar_img', '2025-01-27 17:42:59.828305'),
(84, 'polls', '0064_alter_comments_baned_date_alter_img_tovar_img', '2025-01-27 17:43:32.167972'),
(85, 'polls', '0065_alter_comments_baned_date_alter_img_tovar_img', '2025-01-27 17:45:07.362630'),
(86, 'polls', '0066_alter_comments_baned_date_alter_img_tovar_img', '2025-01-27 17:45:37.582365'),
(87, 'polls', '0067_alter_comments_baned_date_alter_comments_created_at_and_more', '2025-01-27 18:03:29.117742'),
(88, 'polls', '0068_alter_comments_baned_date_alter_img_tovar_img', '2025-01-27 18:07:24.164881'),
(89, 'polls', '0069_remove_comments_user_alter_img_tovar_img', '2025-01-28 15:13:55.886285'),
(90, 'polls', '0070_comments_user_alter_img_tovar_img', '2025-01-28 15:18:09.253791'),
(91, 'polls', '0071_alter_comments_user_alter_img_tovar_img', '2025-01-28 15:30:18.414267'),
(92, 'polls', '0072_tovars_created_at_alter_comments_baned_and_more', '2025-01-30 15:10:52.265587'),
(93, 'polls', '0073_tovars_descr_alter_img_tovar_img', '2025-02-10 11:34:11.156931'),
(94, 'polls', '0074_alter_img_tovar_img_alter_tovars_descr', '2025-02-10 11:51:16.371454');

-- --------------------------------------------------------

--
-- Структура таблицы `django_session`
--

CREATE TABLE `django_session` (
  `session_key` varchar(40) NOT NULL,
  `session_data` longtext NOT NULL,
  `expire_date` datetime(6) NOT NULL
) ENGINE=InnoDB DEFAULT CHARSET=utf8mb4 COLLATE=utf8mb4_general_ci;

--
-- Дамп данных таблицы `django_session`
--

INSERT INTO `django_session` (`session_key`, `session_data`, `expire_date`) VALUES
('211y1xpfj65tcnays2qvbfnrz9w3r71z', '.eJxVjMEOwiAQRP-FsyGCZVk8eu83kGUBqRpISnsy_rtt0oOeJpn3Zt7C07oUv_Y0-ymKq1AgTr9lIH6mupP4oHpvkltd5inIXZEH7XJsMb1uh_t3UKiXbY2adbCwBYOOSKjOYCkROHIuZ41oWFnE4HRijBc1gDYmGwLKQ6AoPl__hTgi:1sIDAt:oGFT3l07Gq4shjwBqNCFOzE3xWLzXknlrXZAs5V9wlw', '2024-06-28 20:05:27.630582'),
('50jxsa8325u1w96wzmo3qob5uu7bgxcx', '.eJxVjMsOwiAQRf-FtSFQHg4u3fcbCAwzUjU0Ke3K-O_apAvd3nPOfYmYtrXGrdMSpyIuQovT75YTPqjtoNxTu80S57YuU5a7Ig_a5TgXel4P9--gpl6_NSb0upB2A3sOmQEDO-sVZLIDOltYubMC1IosEQJ7U4wJBIltAAPi_QEA5jhP:1rtmKm:w4j9v2oOtSZ7rMauZbnxM5kbtFth10ZEXLNazykuy_g', '2024-04-22 10:34:40.320357'),
('616cfh7cysr25wtluvk6yrb5gzlcetht', '.eJxVjMsKwjAQRf8lawltHs3UpXv_QAgzycRWpYUmBUH8dxvpQjeXy32cl_C4lsGvmRc_RnEUrRKH35Aw3HmqTbzhdJ1lmKeyjCTrRO5tluc58uO0b_8AA-ZheztLmkwXklWYAFxCQnDKGtfGQAaAjLUane7a0CcFishG7oFUDwpMs0ELP4vPjEuowMvaGJ2qmubrWbw_cTVCeA:1tBEqO:wz2RRyNgT0JDhiuNiNAGtYk_pLMuit8VgWDMw25SUnY', '2024-11-27 14:59:44.934929'),
('7hh10diqrqcvcwm7vcxoi3117tz1by3j', '.eJxVjMsOwiAQRf-FtSFQHg4u3fcbCAwzUjU0Ke3K-O_apAvd3nPOfYmYtrXGrdMSpyIuQovT75YTPqjtoNxTu80S57YuU5a7Ig_a5TgXel4P9--gpl6_NSb0upB2A3sOmQEDO-sVZLIDOltYubMC1IosEQJ7U4wJBIltAAPi_QEA5jhP:1rxTPu:oELgVjwbVVUx1F16ufojrH02HKNPHw5lF--kQf2KfrU', '2024-05-02 15:11:14.793425'),
('8ddb1zoi67gevbg9gxbqx2272qjh9yg7', '.eJxVjUEKgzAQRe-SdQl1TMzYZfeeIcwkk2orEUyEQundW8GN2_ce_39UlXf1RWgNo7qpKVeZ1UV52urotyKrn-KfN3CGTOEleTfxSfmx6LDkuk6s90QftuhhiTLfj_Y0MFLZ_5zllk0XkgVKiC4REzqwxjUxsEFkY21Lru2a0CdAYLZRemToEdBc1fcHi_w_YA:1tkLbR:pmxY9XQUv_jW3lKRs6FZTN4xxhVlQYRESJhHOFmFF3c', '2025-03-04 11:17:25.690982'),
('94zm7n5ccdedfcx7j7mpqet2njusmtc4', '.eJxVjMEOwiAQRP-FsyFAWwGP3vsNZNldpGraBGhiYvx326QHnePMm_cWAdaWw1q5hInERXhx-u0i4IPnfaA7zLdF4jK3MkW5I_JYqxwX4uf1YP8EGWre3sl5AGWdsZ47IMVojNEQcThHThapR49eOQXa0mC6xIS9jpHQbnF6kzZ-tVAZCu5CEJ8vNZE-gg:1sHTJG:chIlBcOXNASgS-UyeEVdbT7TV-2mOqYWY07RKVEIxrc', '2024-06-26 19:07:02.974649'),
('9cgzgin84ofn6gz1ewiagjzud5eotzdr', '.eJxVjMsOwiAQRf-FtSEyhTK4dN9vIDM8pGogKe3K-O_apAvd3nPOfQlP21r81tPi5yguQoE4_Y5M4ZHqTuKd6q3J0Oq6zCx3RR60y6nF9Lwe7t9BoV6-tTU8sB5DNkAZ0WZiQgtGWxUDa0TWxgxkh1EFlwGB2cTkkMEhoD6L9wcKDje8:1sI9Y9:yXIPGtSeH01qNun6iRLrbSP85eXKmj5xu8zTo4OP8-w', '2024-06-28 16:13:13.610965'),
('aur1ehxrhe9jtgocoz5az06e3cvs6j3i', 'e30:1rw4ev:6Fp2_3A4VNlrTU0kqytC4htJGAdIg6-zq5hy076VcG8', '2024-04-28 18:32:57.507162'),
('e9paueiozp9qu62u7r4qu3qfnurodbub', '.eJxVjE0OwiAYRO_C2hCgrYBL956BfH9I1dCktCvj3W2TLnSW897MWyVYl5LWJnMaWV1UVKffDoGeUnfAD6j3SdNUl3lEvSv6oE3fJpbX9XD_Dgq0sq1ziADGB-ejdMBGyDlnAWk4o2RP3FOkaIIB63lwXRam3iIy-S3Bqs8XAio4mQ:1rw4rZ:4d0NpAqaCiBCt0sXuLs-XaFuqQ_4_t8S4fDy5VlIMjw', '2024-04-28 18:46:01.322722'),
('h0pgnti41xtic8znem72m9z52cbvjskj', '.eJxVjMsOwiAQRf-FtSEyhTK4dN9vIDM8pGogKe3K-O_apAvd3nPOfQlP21r81tPi5yguQoE4_Y5M4ZHqTuKd6q3J0Oq6zCx3RR60y6nF9Lwe7t9BoV6-tTU8sB5DNkAZ0WZiQgtGWxUDa0TWxgxkh1EFlwGB2cTkkMEhoD6L9wcKDje8:1tJuDX:pJeT1I5bk6Ph0UnhjV6RazRWdNyDE75hcZZg3-KDsB0', '2024-12-21 12:47:27.095251'),
('hm7m4bw6n554cacrana5dbwde1lv4x4l', '.eJxljMsOgjAQRX-FdG3I9AWtS_f-gQlpp0V8BBIKiYnx35WBRdXNnebc2_NkjZunrplTHJtLYHvGNdvl0Du8xX5pwtX156HEoZ_Giy-XSbm1qTwOId4P2_ZL0LnUfX5r4ADcSY5KGO9trWwlTKujCRqkqwUGaQ0XFfjQcrC1a1Gg8SrWYK1cpFN8TE2KbsRFeJpBSaTUlIpS_BKFBR2eFb5Yt0UmAVoZeq8ZiMh1ZHKLpIxE4N8bMqFeJUQse70By4lttA:1sI9kC:NA7mKB08wxvVtT9leDVDxF_w6lGb3v5GexMEVPjmI9c', '2024-06-28 16:25:40.614570'),
('i2mmhix1kkuy78kratorpy5pb77sp26o', 'eyJ0ZXh0X3NlYXJjaCI6ImYifQ:1s7Ztl:0IW0qe4lI6knMBAV43Xv5rnJtmWgH5BKB3mbmSeM-kU', '2024-05-30 12:07:49.252439'),
('if8z2wvl7d6l8c6aeqgm0twmsl7fywbz', '.eJxVjcsKwjAQRf8lawlJ8zAR3HTvN4TJZMZWpYUmBUH8dy100-05h3s_otG7pUqw4CAu4ipOIsHahrRWWtJY_kwfWQZ80rSJ8oDpPkucp7aMWW6J3G2Vt7nQq9_bw8AAdbtCQK8Ladex55g5YGRnvQqZbIfOFlburAJqRZYIA3tTjIkUgG0MJojvDxxbPhQ:1s7fGh:OX_LlAxobLHhT5KwIR-c0SBT8Wdx1Gmq9lpOP4CWwXY', '2024-05-30 17:51:51.474084'),
('jf1fap9a86satmjrbecelmf6ayx1kios', '.eJxVjMsOwiAQRf-FtSFQHg4u3fcbCAwzUjU0Ke3K-O_apAvd3nPOfYmYtrXGrdMSpyIuQovT75YTPqjtoNxTu80S57YuU5a7Ig_a5TgXel4P9--gpl6_NSb0upB2A3sOmQEDO-sVZLIDOltYubMC1IosEQJ7U4wJBIltAAPi_QEA5jhP:1rxTaS:gflutG0hY7tScNis6exeC6TjQJs7Q2rCooYau7PbOXw', '2024-05-02 15:22:08.111728'),
('jic07ta9c4pct09y93ok7ddu3zrv6j97', 'eyJ0ZXh0X3NlYXJjaCI6ImZkIn0:1s7Ztl:b7Mysibfhx_6JL5tHcvWHR80r4Ye7zAx7fUPOHmeQ5I', '2024-05-30 12:07:49.265431'),
('mk7szdwlv97m46iiy2vzejyo0w6h7q8a', '.eJxVjE0OwiAYRO_C2hCgrYBL956BfH9I1dCktCvj3W2TLnSW897MWyVYl5LWJnMaWV1UVKffDoGeUnfAD6j3SdNUl3lEvSv6oE3fJpbX9XD_Dgq0sq1ziADGB-ejdMBGyDlnAWk4o2RP3FOkaIIB63lwXRam3iIy-S3Bqs8XAio4mQ:1rw58H:eb7N2aB8PujSdZ6JJ6qC6YoXh_AI4sVrYV-igg_ndGM', '2024-04-28 19:03:17.932076'),
('nrlgoub9uw81tjxggkf1ypnl4wlmcv4a', '.eJxVjDsOwjAQBe_iGln-fyjpOYPl3bVxADlSnFSIu0OkFNC-mXkvlvK2trSNsqSJ2JlJwU6_I2R8lL4Tuud-mznOfV0m4LvCDzr4dabyvBzu30HLo31rDUo5r2UhZ5z2JIoDJUTEaKAqo4MnVa0MJNFGS1gwWIsoqAJilpm9P-zhOFc:1rw4sT:ewqNwIFSx09WfVdNRJHddvBRvJjXH6MzpOQ2Gd5AXvI', '2024-04-28 18:46:57.772513'),
('p2xs9zke4zgxeymlheaz37bfjum2roob', '.eJxVjMsOwiAQRf-FtSEMlEdduvcbyAAzUjU0Ke3K-O_apAvd3nPOfYmI21rj1mmJUxFn4cXpd0uYH9R2UO7YbrPMc1uXKcldkQft8joXel4O9--gYq_f2uXiicCqnJxhUxJo9KNKYURykNF4y3pQoANDcD6MbMET0wCsFHAS7w_udDfW:1rw4nY:3AnjQiWBkx2xTZX0_h5S9bLW67aUL8empEOWEsb_yu8', '2024-04-28 18:41:52.952051'),
('r9ypt3jbhmi4fiq5i2rfcyxqp7wb4os5', '.eJxVjMsKwjAQRf8lawl2mjRTl-7d-ANhJo_WBwkkKQjiv9tCF7q959zzFpaWNtulhmJvXpxEB-LwOzK5R0gb8XdKU5Yup1ZuLDdF7rTKS_bhed7dv8BMdV7fRnPPanBRA0VEE4kJDWhlOu9YIbLSuifTD50bIyAwax9GZBgRUB3XaAuvZmug4rbgNfhCU07i8wXpqEB2:1tEl4p:KYEIb0mfZ-GnXLC4IFKzZ6kKWPC_U03sDKPNsZ5qnyM', '2024-12-07 08:01:11.716585'),
('stsr0g2p74s9jxzi3h32cytxbl25a16c', '.eJxVjMsKwjAQRf8lawl2mjQTl-77DWEmD1OVFpIUBPHfbaEL3d5z7nkLR2vLbq2xuCmIi-hAnH5HJv-I807CnebbIv0ytzKx3BV50CrHJcTn9XD_Aplq3t5Gc89q8EkDJUSTiAkNaGW64FkhstK6J9MPnbcJEJh1iBYZLAKq8xZt8dVcjVT8HiyliM8Xq2o-mg:1tD3mu:9WLUmdPRTdMMHCvXIyovVA_nzYZb8cMDY-FFePNvoGo', '2024-12-02 15:35:40.631905'),
('t5ujm12okpnghwdoyv6wz8fq5yev7tdz', '.eJxVjMsOwiAQRf-FtSEyhTK4dN9vIDM8pGogKe3K-O_apAvd3nPOfQlP21r81tPi5yguQoE4_Y5M4ZHqTuKd6q3J0Oq6zCx3RR60y6nF9Lwe7t9BoV6-tTU8sB5DNkAZ0WZiQgtGWxUDa0TWxgxkh1EFlwGB2cTkkMEhoD6L9wcKDje8:1sKOsX:1I0Xr2hB1qNTazTVpP8BE3iXIJYq0lPFiuHd3B4dnqI', '2024-07-04 20:59:33.837775'),
('uk2dgvz5190xtu02o4m8sem751rw3gzt', '.eJxVjMEOwiAQRP-FsyFAWwGP3vsNZNldpGraBGhiYvx326QHnePMm_cWAdaWw1q5hInERXhx-u0i4IPnfaA7zLdF4jK3MkW5I_JYqxwX4uf1YP8EGWre3sl5AGWdsZ47IMVojNEQcThHThapR49eOQXa0mC6xIS9jpHQbnF6kzZ-tVAZCu5CEJ8vNZE-gg:1sHnJB:eU7pKoihm5384AUG1nV9nefYHhkTa2FXR7QRuMAMi90', '2024-06-27 16:28:17.892259'),
('x3w66uarz0z34mjpdvox19mxgnqe2ve4', '.eJxVjMsKwjAQRf8lawlJ8zBx6d4_EEIymbFVaaFJQRD_3bZU1M3hMufOfbIQp9qGqeAYuswOTLLd7y1FuGG_iHyN_WXgMPR17BJfKnyzhZ-GjPfj1v0baGNp52-IYGVGaRqy5BM58GS0FS6hbsDoTMLshQMpUCOCI6uyUh5dJO2dcvNoxUcNBeMIy-B5ElqnhYpWipXNN38se70BGbxJ0w:1s7Zlq:e83585WfnDuqynYhsgH-rkHm9f_lQNDKdIrVWrcwI7s', '2024-05-30 11:59:38.694206'),
('xmhedpqhmw71tecjyjuuvnftk2ijssmk', 'eyJ0ZXh0X3NlYXJjaCI6ImEifQ:1sAsRy:NY2ncp3dGYnkZ0wKirOaKpqXaqRZsjf4dDQkN53hlsQ', '2024-06-08 14:32:46.100054'),
('xqj6zjm5a102zik9lqqfpput3bzpywam', 'eyJ0ZXh0X3NlYXJjaCI6InJhIn0:1sHTNz:sgwpUSkRziXJKbZ3oPa8gO9SYeBW3lqBm4LZg0EmNCg', '2024-06-26 19:11:55.425694'),
('yywnjzbge46i0xp53fq3b6jlvimkgc1n', '.eJxVjcsKwjAQRf8lawlJ83Di0r3fECaTia1KC0kKgvjvWuim23MO935E53ePjbHSKC4CxUlEXPsY18Y1TvnP9JElpCfPm8gPnO-LpGXudUpyS-Rum7wtmV_XvT0MjNi2K0LyOrN2Q_ElpAIUirNeQWI7kLO5KHdWQFqxZSYo3mRjAgMWG8CA-P4ANK8-OA:1s9r1G:wVFoLLcB8ld5pvDW2J875cf9ICLZJrfuJ06CPPFH5OA', '2024-06-05 18:48:58.125833'),
('zd2dc0pxl02cm9n5dlbio23z6bsh9s1i', '.eJxVjMsOwiAQRf-FtSEyhTK4dN9vIDM8pGogKe3K-O_apAvd3nPOfQlP21r81tPi5yguQoE4_Y5M4ZHqTuKd6q3J0Oq6zCx3RR60y6nF9Lwe7t9BoV6-tTU8sB5DNkAZ0WZiQgtGWxUDa0TWxgxkh1EFlwGB2cTkkMEhoD6L9wcKDje8:1sID9d:CwShPr5S5adNG5QqL153O7_Gfp2hCCjrCPeZ9_nLE1A', '2024-06-28 20:04:09.766379');

-- --------------------------------------------------------

--
-- Структура таблицы `polls_avtor`
--

CREATE TABLE `polls_avtor` (
  `id` bigint(20) NOT NULL,
  `avtor` varchar(50) NOT NULL,
  `img` varchar(100) DEFAULT NULL,
  `slug` varchar(255) NOT NULL
) ENGINE=InnoDB DEFAULT CHARSET=utf8mb4 COLLATE=utf8mb4_general_ci;

--
-- Дамп данных таблицы `polls_avtor`
--

INSERT INTO `polls_avtor` (`id`, `avtor`, `img`, `slug`) VALUES
(1, 'Intel', 'static/img/Avtor/Intel/intel_tHNiS5a.png', 'intel'),
(2, 'AMD', 'static/img/Avtor/AMD/31f1j-voFfL._AC_UL800_QL65__HITYbUv.jpg', 'amd'),
(3, 'Gigabyte', '', 'gigabyte'),
(4, 'HyperX', '', 'hyperx'),
(5, 'Ginzzu', 'static/img/Avtor/Ginzzu/6737536508.webp', 'ginzzu'),
(6, 'Redragon', 'static/img/Avtor/Redragon/6008079672.webp', 'redragon'),
(7, 'ЮКОМС', '', 'yukoms'),
(8, 'Samsung', '', 'samsung'),
(9, 'Seagate', '', 'seagate');

-- --------------------------------------------------------

--
-- Структура таблицы `polls_basket`
--

CREATE TABLE `polls_basket` (
  `id` bigint(20) NOT NULL,
  `t_count` int(10) UNSIGNED NOT NULL,
  `tovar_id` bigint(20) NOT NULL,
  `user_id` int(11) NOT NULL,
  `if_select` tinyint(1) NOT NULL
) ENGINE=InnoDB DEFAULT CHARSET=utf8mb4 COLLATE=utf8mb4_general_ci;

--
-- Дамп данных таблицы `polls_basket`
--

INSERT INTO `polls_basket` (`id`, `t_count`, `tovar_id`, `user_id`, `if_select`) VALUES
(279, 1, 5, 9, 1),
(281, 2, 6, 9, 1),
(410, 1, 7, 12, 1),
(421, 1, 6, 12, 0),
(442, 1, 11, 17, 1),
(443, 1, 7, 17, 1),
(444, 1, 13, 17, 1),
(445, 1, 4, 17, 0),
(468, 1, 8, 12, 0),
(470, 1, 5, 12, 0);

-- --------------------------------------------------------

--
-- Структура таблицы `polls_category`
--

CREATE TABLE `polls_category` (
  `id` bigint(20) NOT NULL,
  `category` varchar(120) NOT NULL,
  `slug` varchar(255) NOT NULL,
  `Gl_category_id` bigint(20) DEFAULT NULL
) ENGINE=InnoDB DEFAULT CHARSET=utf8mb4 COLLATE=utf8mb4_general_ci;

--
-- Дамп данных таблицы `polls_category`
--

INSERT INTO `polls_category` (`id`, `category`, `slug`, `Gl_category_id`) VALUES
(1, 'Процессоры', 'processor', 1),
(2, 'Видеокарты', 'videokarta', 1),
(3, 'Материнские платы', 'materinskaya-plata', 1),
(4, 'Оперативная память', 'operativnaya-pamyat', 1),
(5, 'Корпуса', 'korpusa', 1),
(6, 'Блоки питания', 'bloki-pitaniya', 1),
(7, 'Охлаждение компьютера', 'ohlazhdenie-kompyutera', 1),
(8, 'Твердотельные накопители SSD', 'tverdotelnye-nakopiteli-ssd', 1),
(9, 'Жесткие диски HDD', 'zhestkie-diski-hdd', 1),
(10, 'Оптические приводы', 'opticheskie-privody', 2),
(11, 'Звуковые карты', 'zvukovye-karty', 2),
(12, 'Карты видеозахвата', 'karty-videozahvata', 2),
(13, 'Внешние оптические приводы', 'vneshnie-opticheskie-privody', 2),
(14, 'Платы расширения', 'platy-rasshireniya', 2),
(15, 'Адаптеры для накопителей', 'adaptery-dlya-nakopitelej', 2),
(16, 'Многофункциональные панели', 'mnogofunkcionalnye-paneli', 2),
(17, 'Аксессуары для материнских плат', 'aksessuary-dlya-materinskih-plat', 2),
(18, 'Сетевые карты', 'setevye-karty', 2),
(19, 'Системы подсветки', 'sistemy-podsvetki', 3),
(20, 'Контроллеры подсветки', 'kontrollery-podsvetki', 3),
(21, 'Вентиляторы для корпуса', 'ventilyatory-dlya-korpusa', 3),
(22, 'Кабели, разветвители и удлинители', 'kabeli-razvetviteli-i-udliniteli', 3),
(23, 'Разветвители для вентиляторов', 'razvetviteli-dlya-ventilyatorov', 3),
(24, 'Держатели для видеокарт', 'derzhateli-dlya-videokart', 3),
(25, 'Райзеры для видеокарт', 'rajzery-dlya-videokart', 3),
(26, 'Кабель-менеджмент', 'kabel-menedzhment', 3),
(27, 'Аксессуары для вентиляторов', 'aksessuary-dlya-ventilyatorov', 3),
(28, 'Салазки для накопителей', 'salazki-dlya-nakopitelej', 3),
(29, 'Аксессуары для корпуса', 'aksessuary-dlya-korpusa', 3),
(30, 'Антипылевые фильтры и решетки', 'antipylevye-filtry-i-reshetki', 3),
(31, 'Рамки для процессоров', 'ramki-dlya-processorov', 3),
(32, 'Бэкплейты для видеокарт', 'bekplejty-dlya-videokart', 3),
(33, 'Серверные процессоры', 'servernye-processory', 4),
(34, 'Серверные материнские платы', 'servernye-materinskie-platy', 4),
(35, 'Серверные накопители', 'servernye-nakopiteli', 4),
(36, 'Серверная память', 'servernaya-pamyat', 4),
(37, 'Серверные БП', 'servernye-bp', 4),
(38, 'Серверные корпуса', 'servernye-korpusa', 4),
(39, 'Корзины для накопителей', 'korziny-dlya-nakopitelej', 3),
(40, 'Серверные кабели и переходники', 'servernye-kabeli-i-perehodniki', 4),
(41, 'Серверные направляющие', 'servernye-napravlyayushie', 4),
(42, 'Аксессуары для серверных корпусов', 'aksessuary-dlya-servernyh-korpusov', 4);

-- --------------------------------------------------------

--
-- Структура таблицы `polls_comments`
--

CREATE TABLE `polls_comments` (
  `id` bigint(20) NOT NULL,
  `comment` longtext DEFAULT NULL,
  `created_at` datetime(6) NOT NULL,
  `tovar_id` bigint(20) NOT NULL,
  `star` int(10) UNSIGNED NOT NULL,
  `update_at` datetime(6) NOT NULL,
  `baned` tinyint(1) NOT NULL,
  `baned_com` varchar(250) DEFAULT NULL,
  `baned_date` datetime(6) DEFAULT NULL,
  `user_id` int(11) NOT NULL
) ;

--
-- Дамп данных таблицы `polls_comments`
--

INSERT INTO `polls_comments` (`id`, `comment`, `created_at`, `tovar_id`, `star`, `update_at`, `baned`, `baned_com`, `baned_date`, `user_id`) VALUES
(24, 'lol', '2025-01-28 15:18:28.013484', 6, 3, '2025-01-28 15:18:33.739302', 0, NULL, NULL, 12),
(31, 'Мне понравилось', '2025-01-28 15:30:29.107158', 5, 5, '2025-01-28 15:30:39.031885', 0, NULL, NULL, 12),
(32, 'Сломался!!!!', '2025-01-28 16:58:07.796058', 8, 1, '2025-01-28 16:58:07.796058', 0, NULL, NULL, 12),
(34, 'ИМБА!!!!!!!!!!!!!!', '2025-01-28 16:58:52.557659', 4, 5, '2025-01-28 16:58:58.819328', 0, NULL, NULL, 12);

-- --------------------------------------------------------

--
-- Структура таблицы `polls_detail`
--

CREATE TABLE `polls_detail` (
  `id` bigint(20) NOT NULL,
  `gl_category` varchar(50) DEFAULT NULL,
  `category` varchar(50) NOT NULL,
  `details` longtext DEFAULT NULL
) ENGINE=InnoDB DEFAULT CHARSET=utf8mb4 COLLATE=utf8mb4_general_ci;

--
-- Дамп данных таблицы `polls_detail`
--

INSERT INTO `polls_detail` (`id`, `gl_category`, `category`, `details`) VALUES
(1, 'Тепловые характеристики', 'Тепловыделение, Вт', ''),
(2, 'Тепловые характеристики', 'Максимальная рабочая температура процессора, C', ''),
(3, 'Ядро и архитектура', 'Архитектура', ''),
(5, 'Ядро и архитектура', 'Количество потоков', ''),
(6, 'Ядро и архитектура', 'Техпроцесс', ''),
(7, 'Ядро и архитектура', 'Кэш L1, КБ', ''),
(8, 'Ядро и архитектура', 'Кэш L2, КБ', ''),
(9, 'Ядро и архитектура', 'Кэш L3, МБ', ''),
(10, 'Частота', 'Базовая частота, ГГц', ''),
(11, 'Частота', 'Турбо-частота, ГГц', ''),
(12, 'Общие', 'Линейка процессора', ''),
(13, 'Общие', 'Сокет процессора', ''),
(14, 'Общие', 'Комплектация процессора', ''),
(15, 'Оперативная память', 'Тип памяти', ''),
(16, 'Оперативная память', 'Макс. объем ОЗУ', 'Оперативная память (объем варьируется от 128 МБ до 4 ТБ в современных моделях) определяет объем информации, которая хранится в процессе обработки ее процессором. Последний не может обрабатывать больше определенного максимального объема ОЗУ (это зависит от встроенного контроллера). Поэтому в устройство нецелесообразно устанавливать больше оперативной памяти, чем указано в максимальной рекомендации производителя.'),
(17, 'Оперативная память', 'Макс. частота оперативной памяти, МГц', 'Частота памяти процессора – количество тактов (операций). Величина данного показателя демонстрирует, при каком показателе устройство на 100% стабильно и эффективно работает. Чем больше частота, тем больше операций устройство проводит за единицу времени и тем выше его вычислительные мощности. Для базовых рабочих задач и запуска игр в «штатном» режиме достаточно 3 ГГЦ. При более высоких характеристиках материнской платы фактическое значение может быть выше.'),
(18, 'Графика', 'Наличие встроенной графики', ''),
(19, 'Дополнительные', 'Тип', ''),
(20, 'Дополнительные', 'Гарантийный срок', 'Гарантийный срок – это период, в течение которого изготовитель гарантирует качество товара и обязуется принять данный товар у потребителя для проведения проверки качества (экспертизы) и выполнения предусмотренных законом требований.'),
(21, 'Дополнительные', 'Страна-изготовитель', ''),
(22, 'Спецификация видеопамяти', 'Объем памяти', ''),
(24, 'Подключение', 'Тип шины', ''),
(25, 'Охлаждение', 'Тип охлаждения', ''),
(26, 'Интерфейсы и вывод изображения', 'Интерфейсы', ''),
(27, 'Спецификация видеопамяти', 'Ширина шины памяти', ''),
(28, 'Дополнительные', 'Поддерживаемые API', ''),
(29, 'Охлаждение', 'Активное охлаждение', ''),
(30, 'Спецификация видеопроцессора', 'Частота графического процессора, МГц', ''),
(31, 'Спецификация видеопроцессора', 'Макс. частота графического процессора (Boost), МГц', ''),
(32, 'Спецификация видеопроцессора', 'Число универсальных процессоров', ''),
(33, 'Интерфейсы и вывод изображения', 'Макс. поддерживаемое разрешение', ''),
(34, 'Интерфейсы и вывод изображения', 'Количество поддерживаемых мониторов', ''),
(35, 'Интерфейсы и вывод изображения', 'Кол-во выходов HDMI', ''),
(36, 'Интерфейсы и вывод изображения', 'Кол-во выходов Display Port', ''),
(37, 'Подключение', 'Коннекторы доп. питания', ''),
(38, 'Подключение', 'Рекомендуемая мощность БП, Вт', ''),
(39, 'Охлаждение', 'Количество вентиляторов', ''),
(40, 'Габариты и вес', 'Кол-во занимаемых слотов', ''),
(41, 'Габариты и вес', 'Длина, мм', ''),
(42, 'Габариты и вес', 'Размеры, мм', ''),
(43, 'Общие', 'Бренд графического процессора', ''),
(44, 'Общие', 'Серия графического процессора', ''),
(45, 'Дополнительные', 'Бренд', ''),
(46, 'Размеры', 'Форм-фактор материнской платы', 'Форм-фактор определяет размеры, точки крепления, расположение и количество разъемов материнской платы. ATX – стандартный формат (305x244 мм) для стационарных ПК (корпусов ATX) с максимальным количеством слотов. MicroATX – компактный формат (244x244 мм) с меньшим количеством слотов, подходящий для полноразмерных (ATX) и уменьшенных (mATX) корпусов. Сверхкомпактные материнские платы Mini-ITX (170x170 мм) предназначены для сборки маленьких ПК. Имеют поддержку современных многоядерных процессоров.'),
(47, 'Процессор и чипсет', 'Сокет процессора', ''),
(48, 'Слоты расширения', 'Количество PCI-E x16', ''),
(49, 'Слоты расширения', 'Версия PCI Express', ''),
(50, 'Слоты расширения', 'Количество PCI-E x1', ''),
(51, 'Интерфейсы и разъемы', 'Разъемы USB на задней панели', ''),
(52, 'Интерфейсы и разъемы', 'Внутренние разъемы USB на плате', ''),
(53, 'Интерфейсы и разъемы', 'Видеовыходы на задней панели', ''),
(54, 'Питание', 'Разъем питания материнской платы', ''),
(55, 'Питание', 'Разъем питания процессора', ''),
(56, 'Питание', 'Количество разъемов питания для вентилятора', ''),
(57, 'Питание', 'Разъем для подключения подсветки', ''),
(58, 'Контроллеры накопителей', 'Количество разъемов M.2', ''),
(59, 'Контроллеры накопителей', 'RAID', ''),
(60, 'Сеть', 'Чипсет сетевого адаптера', ''),
(61, 'Сеть', 'Скорость сетевого адаптера', ''),
(62, 'Сеть', 'M.2 ключ E', ''),
(63, 'Сеть', 'Наличие беспроводного подключения сети', ''),
(64, 'Звук', 'Аудиокодек', ''),
(65, 'Оперативная память', 'Макс. объем RAM', ''),
(67, 'Оперативная память', 'Количество слотов RAM', ''),
(68, 'Дополнительные', 'Артикул', ''),
(69, 'Оперативная память', 'Макс. поддерживаемая частота RAM', ''),
(70, 'Основные', 'Суммарный объем памяти', ''),
(71, 'Основные', 'Количество модулей в комплекте', ''),
(72, 'Основные', 'Емкость одного модуля', ''),
(73, 'Основные', 'Тип памяти', ''),
(74, 'Основные', 'Пропускная способность, Мб/с', ''),
(75, 'Основные', 'Тактовая частота, МГц', ''),
(76, 'Основные', 'Форм-фактор RAM', ''),
(77, 'Тайминги', 'CAS Latency (CL), тактов', ''),
(78, 'Конструкция', 'Радиатор', ''),
(79, 'Дополнительные', 'Напряжение питания, В', ''),
(80, 'Дополнительные', 'Цвет', ''),
(81, 'Форм-фактор и размеры', 'Размер корпуса', ''),
(82, 'Совместимость', 'Поддерживаемые форм-факторы материнской платы', ''),
(83, 'Совместимость', 'Количество внутренних отсеков 3.5\"', ''),
(84, 'Совместимость', 'Количество отсеков 5.25\"', ''),
(85, 'Совместимость', 'Макс. длина видеокарты, мм', ''),
(86, 'Совместимость', 'Расположение БП', 'Расположение блока питания'),
(87, 'Совместимость', 'Макс. высота процессорного кулера, мм', ''),
(88, 'Совместимость', 'Количество отсеков 2.5\"', ''),
(89, 'Совместимость', 'Количество отсеков 2.5\"', ''),
(90, 'Совместимость', 'Количество слотов расширения', ''),
(91, 'Интерфейсы и разъемы', 'Интерфейсы на лицевой панели', ''),
(92, 'Охлаждение', 'Поддержка фронтальных вентиляторов', ''),
(93, 'Охлаждение', 'Вентиляторы в комплекте', ''),
(94, 'Охлаждение', 'Поддержка тыловых вентиляторов', ''),
(95, 'Внешний вид', 'Фиксация боковых панелей', ''),
(96, 'Внешний вид', 'Подсветка', ''),
(97, 'Внешний вид', 'Окно на боковой панели', ''),
(98, 'Внешний вид', 'Лицевая панель', ''),
(99, 'Форм-фактор и размеры', 'Размеры, мм', ''),
(100, 'Форм-фактор и размеры', 'Высота, см', ''),
(101, 'Форм-фактор и размеры', 'Ширина, см', ''),
(102, 'Форм-фактор и размеры', 'Глубина, см', ''),
(103, 'Форм-фактор и размеры', 'Вес, кг', ''),
(104, 'Дополнительные', 'Блок питания', ''),
(105, 'Основные', 'Мощность блока питания, Вт', ''),
(106, 'Питание', 'Разъемы питания материнской платы', ''),
(107, 'Питание', 'Кол-во разъемов Molex', ''),
(108, 'Питание', 'Кол-во разъемов SATA', ''),
(109, 'Питание', 'Входное напряжение', ''),
(110, 'Питание', 'Разъемы питания видеокарт', ''),
(111, 'Сертификация', 'Сертификат 80 PLUS', ''),
(112, 'Сертификация', 'Корректор коэффициента мощности (PFC)', ''),
(113, 'Сертификация', 'Технологии защиты', ''),
(114, 'Внешний вид', 'Оплетка проводов', ''),
(115, 'Внешний вид', 'Отстегивающиеся кабели', ''),
(116, 'Внешний вид', 'Подсветка', ''),
(117, 'Габариты и вес', 'Длина, см', ''),
(118, 'Габариты и вес', 'Ширина, см', ''),
(119, 'Габариты и вес', 'Высота, см', ''),
(120, 'Основные', 'Система охлаждения', ''),
(121, 'Технические характеристики', 'Макс. рассеиваемая мощность, Вт', ''),
(122, 'Конструкция', 'Количество вентиляторов', ''),
(123, 'Технические характеристики', 'Макс. скорость вращения, об/мин', ''),
(124, 'Технические характеристики', 'Макс. воздушный поток, CFM', ''),
(125, 'Технические характеристики', 'Макс. уровень шума, дБ', ''),
(126, 'Габариты и вес', 'Диаметр вентилятора, мм', ''),
(127, 'Габариты и вес', 'Высота, мм', ''),
(128, 'Габариты и вес', 'Ширина, мм', ''),
(129, 'Габариты и вес', 'Глубина, мм', ''),
(130, 'Габариты и вес', 'Размеры, мм', ''),
(131, 'Конструкция', 'Тип подшипника', ''),
(132, 'Конструкция', 'Материал ядра радиатора', ''),
(133, 'Конструкция', 'Материал ребер радиатора', ''),
(134, 'Внешний вид', 'Цвет подсветки', ''),
(135, 'Внешний вид', 'Подсветка', ''),
(136, 'Подключение', 'Коннектор питания', ''),
(137, 'Дополнительные', 'Количество в упаковке, шт', ''),
(138, 'Ядро и архитектура', 'Количество ядер', ''),
(139, 'Процессоры', 'Частота', NULL),
(140, 'Процессоры', 'Turbo Boost', NULL),
(141, 'Процессоры', 'Кэш L3', NULL),
(142, 'Процессоры', 'Техпроцесс', NULL),
(143, 'Процессоры', 'Энергопотребление', NULL),
(144, 'Процессоры', 'Сокет', NULL),
(145, 'Процессоры', 'Графическое ядро', NULL),
(146, 'Процессоры', 'Поддержка памяти', NULL),
(147, 'Процессоры', 'Разблокированный множитель', NULL),
(148, 'Видеокарты', 'Видеопамять', NULL),
(149, 'Видеокарты', 'Частота ядра', NULL),
(150, 'Видеокарты', 'Boost частота', NULL),
(151, 'Видеокарты', 'Шина памяти', NULL),
(152, 'Видеокарты', 'Интерфейс', NULL),
(153, 'Видеокарты', 'Порты', NULL),
(154, 'Видеокарты', 'Энергопотребление', NULL),
(155, 'Видеокарты', 'Разъемы питания', NULL),
(156, 'Видеокарты', 'Технология трассировки лучей', NULL),
(157, 'Видеокарты', 'Поддержка DirectX', NULL),
(159, 'Дополнительные', 'Особенности', ''),
(160, 'Спецификация видеопамяти', 'Частота шины памяти, МГц', ''),
(161, 'Габариты и вес', 'Высота модуля', '');

-- --------------------------------------------------------

--
-- Структура таблицы `polls_detail_cotegory_tovar`
--

CREATE TABLE `polls_detail_cotegory_tovar` (
  `id` bigint(20) NOT NULL,
  `detail_id` bigint(20) NOT NULL,
  `category_id` bigint(20) NOT NULL
) ENGINE=InnoDB DEFAULT CHARSET=utf8mb4 COLLATE=utf8mb4_general_ci;

--
-- Дамп данных таблицы `polls_detail_cotegory_tovar`
--

INSERT INTO `polls_detail_cotegory_tovar` (`id`, `detail_id`, `category_id`) VALUES
(67, 1, 1),
(49, 2, 1),
(5, 3, 1),
(27, 5, 1),
(69, 6, 1),
(35, 7, 1),
(37, 8, 1),
(38, 9, 1),
(1, 10, 1),
(79, 11, 1),
(39, 12, 1),
(368, 13, 1),
(369, 13, 7),
(31, 14, 1),
(317, 15, 1),
(318, 15, 2),
(319, 15, 3),
(41, 16, 1),
(47, 17, 1),
(51, 18, 1),
(54, 22, 2),
(78, 24, 2),
(74, 25, 2),
(16, 26, 2),
(87, 27, 2),
(56, 28, 2),
(4, 29, 2),
(83, 30, 2),
(46, 31, 2),
(85, 32, 2),
(44, 33, 2),
(26, 34, 2),
(20, 35, 2),
(18, 36, 2),
(34, 37, 2),
(60, 38, 2),
(24, 39, 2),
(22, 40, 2),
(10, 43, 2),
(62, 44, 2),
(81, 46, 3),
(293, 47, 3),
(294, 48, 3),
(295, 49, 3),
(296, 50, 3),
(297, 51, 3),
(298, 52, 3),
(299, 53, 3),
(300, 54, 3),
(301, 55, 3),
(356, 55, 6),
(302, 56, 3),
(304, 57, 3),
(303, 58, 3),
(305, 59, 3),
(306, 60, 3),
(307, 61, 3),
(308, 62, 3),
(309, 63, 3),
(310, 64, 3),
(312, 67, 3),
(313, 69, 3),
(314, 70, 4),
(315, 71, 4),
(316, 72, 4),
(320, 73, 4),
(321, 74, 4),
(322, 75, 4),
(323, 76, 4),
(324, 77, 4),
(325, 78, 4),
(326, 79, 4),
(327, 81, 5),
(328, 82, 5),
(329, 83, 5),
(330, 84, 5),
(331, 85, 5),
(332, 86, 5),
(333, 87, 5),
(334, 88, 5),
(335, 89, 5),
(336, 90, 5),
(337, 91, 5),
(338, 92, 5),
(339, 93, 5),
(340, 94, 5),
(341, 95, 5),
(342, 96, 5),
(343, 97, 5),
(344, 98, 5),
(345, 99, 5),
(346, 100, 5),
(347, 101, 5),
(348, 102, 5),
(349, 103, 5),
(350, 104, 5),
(351, 105, 6),
(352, 106, 6),
(353, 107, 6),
(354, 108, 6),
(355, 109, 6),
(357, 110, 6),
(358, 111, 6),
(359, 112, 6),
(360, 113, 6),
(361, 114, 6),
(362, 115, 6),
(363, 116, 6),
(364, 120, 6),
(365, 121, 7),
(370, 122, 7),
(371, 123, 7),
(372, 124, 7),
(373, 125, 7),
(374, 126, 7),
(375, 131, 7),
(376, 132, 7),
(377, 133, 7),
(380, 160, 2);

-- --------------------------------------------------------

--
-- Структура таблицы `polls_favoritess`
--

CREATE TABLE `polls_favoritess` (
  `id` bigint(20) NOT NULL,
  `tovar_id` bigint(20) NOT NULL,
  `user_id` int(11) NOT NULL,
  `created_at` datetime(6) DEFAULT NULL
) ENGINE=InnoDB DEFAULT CHARSET=utf8mb4 COLLATE=utf8mb4_general_ci;

--
-- Дамп данных таблицы `polls_favoritess`
--

INSERT INTO `polls_favoritess` (`id`, `tovar_id`, `user_id`, `created_at`) VALUES
(439, 5, 9, '2024-06-02 19:03:09.433771'),
(455, 4, 16, '2024-06-14 20:13:18.782984'),
(457, 7, 9, '2024-06-16 20:30:20.954845'),
(458, 6, 9, '2024-06-16 20:30:22.849627'),
(505, 7, 12, '2025-01-22 14:26:27.764702'),
(515, 6, 12, '2025-02-10 10:15:03.039705'),
(665, 4, 17, '2025-02-13 17:46:24.025576'),
(666, 8, 17, '2025-02-13 17:46:33.333384'),
(667, 13, 17, '2025-02-13 19:19:27.175444'),
(668, 7, 17, '2025-02-15 15:53:48.923755'),
(669, 11, 17, '2025-02-16 16:50:50.694264'),
(674, 4, 12, '2025-02-17 14:53:58.737867');

-- --------------------------------------------------------

--
-- Структура таблицы `polls_gl_category`
--

CREATE TABLE `polls_gl_category` (
  `id` bigint(20) NOT NULL,
  `Gl_category` varchar(120) NOT NULL,
  `slug` varchar(255) NOT NULL
) ENGINE=InnoDB DEFAULT CHARSET=utf8mb4 COLLATE=utf8mb4_general_ci;

--
-- Дамп данных таблицы `polls_gl_category`
--

INSERT INTO `polls_gl_category` (`id`, `Gl_category`, `slug`) VALUES
(1, 'Основные комплектующие для ПК', 'osnovnye-komplektuyushie-dlya-pk'),
(2, 'Устройства расширения', 'ustrojstva-rasshireniya'),
(3, 'Моддинг и обслуживание', 'modding-i-obsluzhivanie'),
(4, 'Комплектующие для сервера', 'komplektuyushie-dlya-servera');

-- --------------------------------------------------------

--
-- Структура таблицы `polls_history_tovars`
--

CREATE TABLE `polls_history_tovars` (
  `id` bigint(20) NOT NULL,
  `created_at` datetime(6) DEFAULT NULL,
  `tovar_id` bigint(20) NOT NULL,
  `user_id` int(11) NOT NULL
) ENGINE=InnoDB DEFAULT CHARSET=utf8mb4 COLLATE=utf8mb4_general_ci;

--
-- Дамп данных таблицы `polls_history_tovars`
--

INSERT INTO `polls_history_tovars` (`id`, `created_at`, `tovar_id`, `user_id`) VALUES
(1116, '2024-06-14 12:54:36.719293', 4, 9),
(1117, '2024-06-14 12:54:39.212663', 5, 9),
(1118, '2024-06-14 12:54:41.125537', 7, 9),
(1119, '2024-06-14 12:54:42.944049', 6, 9),
(1120, '2024-06-14 16:25:07.365352', 5, 15),
(1121, '2024-06-14 20:10:24.477923', 4, 16),
(1699, '2025-01-27 15:16:08.090756', 4, 10),
(1938, '2025-01-28 16:39:22.938676', 6, 12),
(1982, '2025-02-05 12:47:34.743182', 7, 12),
(2041, '2025-02-10 17:04:54.294078', 11, 12),
(2075, '2025-02-10 18:03:50.640216', 9, 12),
(2079, '2025-02-10 18:08:08.455806', 12, 12),
(2084, '2025-02-11 13:18:21.108808', 13, 12),
(2090, '2025-02-11 15:18:59.318028', 12, 17),
(2095, '2025-02-11 15:25:27.255915', 11, 17),
(2100, '2025-02-13 17:38:58.868777', 9, 17),
(2111, '2025-02-13 17:45:16.924248', 7, 17),
(2113, '2025-02-15 18:18:11.488410', 6, 17),
(2116, '2025-02-16 15:08:48.973772', 13, 17),
(2120, '2025-02-17 14:04:32.204502', 4, 17),
(2121, '2025-02-17 14:33:03.628772', 8, 17),
(2122, '2025-02-17 14:51:14.784447', 8, 12),
(2125, '2025-02-17 15:05:22.953407', 5, 12),
(2126, '2025-02-17 15:24:48.502383', 10, 12),
(2127, '2025-02-17 16:25:35.043796', 4, 12);

-- --------------------------------------------------------

--
-- Структура таблицы `polls_img_tovar`
--

CREATE TABLE `polls_img_tovar` (
  `id` bigint(20) NOT NULL,
  `img` varchar(100) DEFAULT NULL,
  `tovar_id` bigint(20) NOT NULL,
  `is_video` tinyint(1) NOT NULL
) ENGINE=InnoDB DEFAULT CHARSET=utf8mb4 COLLATE=utf8mb4_general_ci;

--
-- Дамп данных таблицы `polls_img_tovar`
--

INSERT INTO `polls_img_tovar` (`id`, `img`, `tovar_id`, `is_video`) VALUES
(13, 'static/img/tovar/B450M Gaming/asset_0_h264_pxWqxWM.mp4', 4, 1),
(14, 'static/img/tovar/B450M Gaming/6818997937_pN6pb4H.webp', 4, 0),
(15, 'static/img/tovar/B450M Gaming/6761251111.webp', 4, 0),
(16, 'static/img/tovar/B450M Gaming/6761251088.webp', 4, 0),
(17, 'static/img/tovar/B450M Gaming/6761251128.webp', 4, 0),
(18, 'static/img/tovar/B450M Gaming/6761251106.webp', 4, 0),
(19, 'static/img/tovar/B450M Gaming/6761251082.webp', 4, 0),
(20, 'static/img/tovar/B450M Gaming/6761251124.webp', 4, 0),
(21, 'static/img/tovar/DDR3 DIMM RAM 2x8 ГБ (PC3-12800U)/6618996998.webp', 5, 0),
(22, 'static/img/tovar/DDR3 DIMM RAM 2x8 ГБ (PC3-12800U)/6618996997.webp', 5, 0),
(23, 'static/img/tovar/DDR3 DIMM RAM 2x8 ГБ (PC3-12800U)/6392301406.webp', 5, 0),
(24, 'static/img/tovar/B150 mATX/6924281956.webp', 6, 0),
(25, 'static/img/tovar/B150 mATX/6924281959.webp', 6, 0),
(26, 'static/img/tovar/B150 mATX/6924281957.webp', 6, 0),
(27, 'static/img/tovar/B150 mATX/6924281935.webp', 6, 0),
(28, 'static/img/tovar/B150 mATX/6924281958.webp', 6, 0),
(29, 'static/img/tovar/B150 mATX/6924280478.webp', 6, 0),
(30, 'static/img/tovar/B150 mATX/6924281937.webp', 6, 0),
(31, 'static/img/tovar/B150 mATX/6906494310.webp', 6, 0),
(32, 'static/img/tovar/RGPS-750W/6844163807.webp', 7, 0),
(33, 'static/img/tovar/RGPS-750W/6983657554.webp', 7, 0),
(34, 'static/img/tovar/RGPS-750W/6850271394.webp', 7, 0),
(35, 'static/img/tovar/RGPS-750W/6850271387.webp', 7, 0),
(36, 'static/img/tovar/RGPS-750W/6852065568.webp', 7, 0),
(37, 'static/img/tovar/RGPS-750W/6852065583.webp', 7, 0),
(38, 'static/img/tovar/Система водяного охлаждения/7044046196.webp', 8, 0),
(39, 'static/img/tovar/Система водяного охлаждения/7044046182.webp', 8, 0),
(40, 'static/img/tovar/Система водяного охлаждения/7044046174.webp', 8, 0),
(41, 'static/img/tovar/Intel Core i5 11400/asset_0_h264.mp4', 9, 1),
(42, 'static/img/tovar/Intel Core i5 11400/7070209465.webp', 9, 0),
(43, 'static/img/tovar/Intel Core i5 11400/7244082637.webp', 9, 0),
(44, 'static/img/tovar/Intel Core i5 11400/7244082605.webp', 9, 0),
(47, 'static/img/tovar/Intel Core i5 11400/7299645071.webp', 9, 0),
(48, 'static/img/tovar/Intel Core i5 11400/7298749566.webp', 9, 0),
(49, 'static/img/tovar/AMD Ryzen 5 5600X/asset_1_h264.mp4', 10, 1),
(50, 'static/img/tovar/AMD Ryzen 5 5600X/6724434399.webp', 10, 0),
(51, 'static/img/tovar/AMD Ryzen 5 5600X/7247872151.webp', 10, 0),
(56, 'static/img/tovar/Intel Core i7 12700K/asset_1_h264.mp4', 11, 1),
(57, 'static/img/tovar/Intel Core i7 12700K/7216223116_VARqvAM.webp', 11, 0),
(58, 'static/img/tovar/Intel Core i7 12700K/7197401697.webp', 11, 0),
(59, 'static/img/tovar/Intel Core i7 12700K/7197401696.webp', 11, 0),
(60, 'static/img/tovar/AMD Ryzen 7 5800X/asset_1_h264.mp4', 12, 1),
(61, 'static/img/tovar/AMD Ryzen 7 5800X/7070196832.webp', 12, 0),
(62, 'static/img/tovar/AMD Ryzen 7 5800X/6724434399.webp', 12, 0),
(63, 'static/img/tovar/AMD Ryzen 7 5800X/7299645071.webp', 12, 0),
(64, 'static/img/tovar/AMD Ryzen 7 5800X/7298749566.webp', 12, 0),
(65, 'static/img/tovar/AMD Radeon RX 7900 XTX/asset_1_h264.mp4', 13, 1),
(66, 'static/img/tovar/AMD Radeon RX 7900 XTX/6679432310.webp', 13, 0),
(67, 'static/img/tovar/AMD Radeon RX 7900 XTX/6679432274.webp', 13, 0),
(68, 'static/img/tovar/AMD Radeon RX 7900 XTX/6679432578.webp', 13, 0),
(69, 'static/img/tovar/AMD Radeon RX 7900 XTX/6679432574.webp', 13, 0),
(70, 'static/img/tovar/AMD Radeon RX 7900 XTX/6679431917.webp', 13, 0),
(71, 'static/img/tovar/AMD Radeon RX 7900 XTX/6679432571.webp', 13, 0);

-- --------------------------------------------------------

--
-- Структура таблицы `polls_order`
--

CREATE TABLE `polls_order` (
  `id` bigint(20) NOT NULL,
  `dostavka` varchar(9) NOT NULL,
  `sposob_dostavka` varchar(9) NOT NULL,
  `user_id` int(11) NOT NULL,
  `FCs` varchar(250) DEFAULT NULL,
  `adress` varchar(550) DEFAULT NULL,
  `adress_mail` varchar(550) DEFAULT NULL,
  `coords` varchar(250) DEFAULT NULL,
  `track_numbers` varchar(14) DEFAULT NULL,
  `card_number` varchar(19) NOT NULL,
  `cvv` varchar(3) NOT NULL,
  `mm` int(10) UNSIGNED NOT NULL CHECK (`mm` >= 0),
  `yy` int(10) UNSIGNED NOT NULL CHECK (`yy` >= 0),
  `date` datetime(6) NOT NULL,
  `date_update` datetime(6) NOT NULL,
  `errors` varchar(250) DEFAULT NULL,
  `order_number` varchar(25) NOT NULL
) ENGINE=InnoDB DEFAULT CHARSET=utf8mb4 COLLATE=utf8mb4_general_ci;

--
-- Дамп данных таблицы `polls_order`
--

INSERT INTO `polls_order` (`id`, `dostavka`, `sposob_dostavka`, `user_id`, `FCs`, `adress`, `adress_mail`, `coords`, `track_numbers`, `card_number`, `cvv`, `mm`, `yy`, `date`, `date_update`, `errors`, `order_number`) VALUES
(36, 'cancelled', 'pickup', 12, NULL, NULL, NULL, 'Москва, Смоленский бульвар, 19с2', NULL, '2222 2222 2222 22', '222', 12, 32, '2025-01-19 15:18:38.032532', '2025-01-21 18:48:27.849976', 'Не прошла оплата, повторите данный заказ', '20250119-181838-1'),
(40, 'received', 'Pochta', 12, 'Radeon RX', 'Ярославская обл, г Ростов Великий, мкр N2 ', 'Ярославская обл, г Ростов, ул Северная, д 44, 152150', NULL, NULL, '2222 2222 2222', '222', 12, 32, '2025-01-20 14:30:38.786872', '2025-01-22 13:12:04.410679', NULL, '20250120-173038-3'),
(41, 'delivered', 'Pochta', 12, 'вравпра вапвап', 'Ярославская обл, г Ростов Великий', 'Ярославская обл, г Ростов, ул Северная, д 44, 152150', NULL, '35005145009747', '2222 2222 2222 2', '123', 12, 32, '2025-01-21 18:25:03.567336', '2025-01-28 18:27:17.803551', NULL, '20250121-212503-4'),
(42, 'collect', 'pickup', 17, NULL, NULL, NULL, 'Москва, Красная площадь, 1', NULL, '2221 2121 2222 2222', '222', 12, 32, '2025-02-16 15:16:54.103477', '2025-02-16 15:16:54.115961', NULL, '20250216-181654-4');

-- --------------------------------------------------------

--
-- Структура таблицы `polls_order_tovars`
--

CREATE TABLE `polls_order_tovars` (
  `id` bigint(20) NOT NULL,
  `t_count` int(10) UNSIGNED NOT NULL CHECK (`t_count` >= 0),
  `tovar_id` bigint(20) NOT NULL,
  `user_id` int(11) NOT NULL,
  `t_cost` int(11) NOT NULL
) ENGINE=InnoDB DEFAULT CHARSET=utf8mb4 COLLATE=utf8mb4_general_ci;

--
-- Дамп данных таблицы `polls_order_tovars`
--

INSERT INTO `polls_order_tovars` (`id`, `t_count`, `tovar_id`, `user_id`, `t_cost`) VALUES
(141, 6, 7, 12, 7777),
(143, 1, 7, 12, 7777),
(145, 1, 4, 12, 8385),
(146, 1, 8, 12, 4256),
(147, 3, 5, 12, 3706),
(148, 1, 6, 12, 924),
(149, 1, 5, 12, 3706),
(151, 5, 8, 12, 4256),
(152, 4, 4, 12, 8385),
(153, 4, 8, 12, 4256),
(154, 2, 5, 12, 3706),
(155, 1, 8, 17, 4256),
(156, 1, 4, 17, 8385);

-- --------------------------------------------------------

--
-- Структура таблицы `polls_order_tovar_order`
--

CREATE TABLE `polls_order_tovar_order` (
  `id` bigint(20) NOT NULL,
  `order_id` bigint(20) NOT NULL,
  `order_tovars_id` bigint(20) NOT NULL
) ENGINE=InnoDB DEFAULT CHARSET=utf8mb4 COLLATE=utf8mb4_general_ci;

--
-- Дамп данных таблицы `polls_order_tovar_order`
--

INSERT INTO `polls_order_tovar_order` (`id`, `order_id`, `order_tovars_id`) VALUES
(36, 36, 141),
(55, 40, 148),
(54, 40, 149),
(53, 40, 151),
(56, 40, 152),
(62, 41, 153),
(63, 41, 154),
(64, 42, 155),
(65, 42, 156);

-- --------------------------------------------------------

--
-- Структура таблицы `polls_specs`
--

CREATE TABLE `polls_specs` (
  `id` bigint(20) NOT NULL,
  `description` longtext NOT NULL,
  `category_id` bigint(20) NOT NULL,
  `tovar_id` bigint(20) NOT NULL
) ENGINE=InnoDB DEFAULT CHARSET=utf8mb4 COLLATE=utf8mb4_general_ci;

--
-- Дамп данных таблицы `polls_specs`
--

INSERT INTO `polls_specs` (`id`, `description`, `category_id`, `tovar_id`) VALUES
(49, 'Материнская плата', 19, 4),
(50, 'Micro-ATX', 46, 4),
(51, 'AM4', 47, 4),
(52, 'AMD B450', 28, 4),
(53, 'DDR4', 15, 4),
(54, 'USB 2.0 x2, USB 3.2 Gen1 Type-A x4', 51, 4),
(55, 'USB 2.0 x2, USB 3.2 Gen1 Type-A x1', 52, 4),
(56, 'DVI-D, HDMI, VGA', 53, 4),
(57, 'ATX 24 pin', 54, 4),
(58, '8 pin', 55, 4),
(59, '2', 56, 4),
(60, '4 Pin', 57, 4),
(61, '1', 58, 4),
(62, 'RAID 0, RAID 1, RAID 10', 59, 4),
(63, 'Realtek RTL8118AS', 60, 4),
(64, '1000 Мбит/с (GE)', 61, 4),
(65, 'Нет', 62, 4),
(66, 'Нет', 63, 4),
(67, 'Realtek ALC887', 64, 4),
(68, '64 ГБ', 65, 4),
(69, '2', 67, 4),
(70, '3200', 69, 4),
(71, '1093208446', 68, 4),
(72, 'Gigabyte', 45, 4),
(73, '3 месяца', 20, 4),
(74, '16 ГБ', 70, 5),
(75, '2', 71, 5),
(76, '8 ГБ', 72, 5),
(77, 'DDR3', 73, 5),
(78, '12800', 74, 5),
(79, '1600', 75, 5),
(80, 'DIMM', 76, 5),
(81, '11', 77, 5),
(82, 'Да', 78, 5),
(83, '1362818335', 68, 5),
(84, 'HyperX', 45, 5),
(85, '1.5', 79, 5),
(86, '3 года', 20, 5),
(87, 'Оперативная память', 19, 5),
(88, 'Корпус', 19, 6),
(89, 'Черный', 80, 6),
(90, 'Mini Tower', 81, 6),
(91, 'Mini-ITX, Micro-ATX', 82, 6),
(92, '2', 83, 6),
(93, 'Нет', 84, 6),
(94, '260', 85, 6),
(95, 'Сверху', 86, 6),
(96, '145', 87, 6),
(97, '2', 88, 6),
(98, 'Нет', 89, 6),
(99, '4', 90, 6),
(100, 'USB 2.0 Type-A х2', 91, 6),
(101, '1 x 120 мм', 92, 6),
(102, 'Отсутствуют', 93, 6),
(103, '1 x 80 мм', 94, 6),
(104, 'Винты', 95, 6),
(105, 'Отсутствует', 96, 6),
(106, 'Отсутствует', 97, 6),
(107, 'Сплошная', 98, 6),
(108, '165х345х300', 99, 6),
(109, '34.5', 100, 6),
(110, '16.5', 101, 6),
(111, '30', 102, 6),
(112, '1.9', 103, 6),
(113, '1404885107', 68, 6),
(114, 'Отсутствует', 104, 6),
(115, 'Ginzzu', 45, 6),
(116, '1 год', 20, 6),
(117, 'Китай', 21, 6),
(118, 'Блок питания', 19, 7),
(119, '750', 105, 7),
(120, 'ATX 20+4 пин', 106, 7),
(121, '4', 107, 7),
(122, '6', 108, 7),
(123, '100-240В', 109, 7),
(124, '4 pin + 4 pin', 55, 7),
(125, '1 x 6+2 pin', 110, 7),
(126, 'Gold', 111, 7),
(127, 'Активный', 112, 7),
(128, 'OPP (защита от перегрузки), SCP (защита от короткого замыкания), OCP (защита от перегрузки по току), OTP (защита от перегрева), OVP (защита от подачи повышенного напряжения), UVP (защита от подачи пониженного напряжения), SIP (защита от импульсных помех)', 113, 7),
(129, 'Нет', 114, 7),
(130, 'Модульный', 115, 7),
(131, 'Отсутствует', 116, 7),
(132, '16', 117, 7),
(133, '15', 118, 7),
(134, '8.6', 119, 7),
(135, 'Активная', 120, 7),
(136, '1303184635', 68, 7),
(137, 'Черный матовый', 80, 7),
(138, '18 месяцев', 20, 7),
(139, 'Китай', 21, 7),
(140, 'Система водяного охлаждения', 19, 8),
(141, '200', 121, 8),
(143, '2', 122, 8),
(144, '2000', 123, 8),
(145, '75', 124, 8),
(146, '23', 125, 8),
(147, '120', 126, 8),
(148, '25', 127, 8),
(149, '120', 128, 8),
(150, '27', 129, 8),
(151, '274х120х27', 130, 8),
(152, 'Гидродинамический', 131, 8),
(153, 'Медь', 132, 8),
(154, 'Пластик', 133, 8),
(155, 'разноцветный', 134, 8),
(156, 'A-RGB', 135, 8),
(157, '12V 8-пин', 136, 8),
(158, '1593588014', 68, 8),
(159, 'ЮКОМС', 45, 8),
(160, 'Черный', 80, 8),
(161, '1', 137, 8),
(162, '12 месяцев', 20, 8),
(163, 'Китай, Россия', 21, 8),
(164, '6', 138, 9),
(165, '2.6 GHz', 139, 9),
(166, '4.4 GHz', 140, 9),
(167, '12', 9, 9),
(168, '14 нм', 142, 9),
(169, '65W', 143, 9),
(170, 'LGA1200', 144, 9),
(171, 'Intel UHD Graphics 730', 145, 9),
(172, 'DDR4', 15, 9),
(173, 'Нет', 147, 9),
(174, '6', 138, 10),
(175, '3.7 GHz', 139, 10),
(176, '4.6 GHz', 140, 10),
(177, '32', 9, 10),
(178, '7 нм', 142, 10),
(179, '65W', 143, 10),
(180, 'AM4', 144, 10),
(181, 'Нет', 145, 10),
(182, 'DDR4', 15, 10),
(183, 'Да', 147, 10),
(184, '12', 138, 11),
(185, '3.6 GHz', 139, 11),
(186, '5.0 GHz', 140, 11),
(187, '25', 9, 11),
(188, '10 нм', 142, 11),
(189, '125W', 143, 11),
(190, 'LGA1700', 144, 11),
(191, 'Intel UHD Graphics 770', 145, 11),
(192, 'DDR4, DDR5', 15, 11),
(193, 'Да', 147, 11),
(194, '8', 138, 12),
(195, '3.8 GHz', 139, 12),
(196, '4.7 GHz', 140, 12),
(197, '32', 9, 12),
(198, '7 нм', 142, 12),
(199, '105W', 143, 12),
(200, 'AM4', 144, 12),
(201, 'Нет', 145, 12),
(202, 'DDR4', 15, 12),
(203, 'Да', 147, 12),
(204, '24 GB', 22, 13),
(205, 'GDDR6', 15, 13),
(206, '2615 MHz', 150, 13),
(207, '384 бит', 151, 13),
(208, 'PCI-E 4.0', 24, 13),
(209, 'HDMI, DisplayPort', 26, 13),
(210, '850W', 154, 13),
(211, '8 pin + 8 pin + 8 pin', 155, 13),
(212, 'Да', 156, 13),
(213, '12 Ultimate', 157, 13),
(215, '480', 7, 9),
(216, '3000', 8, 9),
(217, '3200', 2, 9),
(218, 'Core i5 11-го поколения', 12, 9),
(219, 'OEM (без кулера)', 14, 9),
(220, 'Процессор', 19, 9),
(221, '1623387980', 68, 9),
(222, '95', 2, 10),
(223, '128 ГБ', 16, 10),
(224, '3200', 17, 10),
(225, '384', 7, 10),
(226, '3000', 8, 10),
(227, 'Ryzen 5', 12, 10),
(228, 'AM4', 13, 10),
(229, 'OEM (без кулера)', 14, 10),
(230, 'Процессор', 19, 10),
(231, '1623388135', 68, 10),
(232, '12', 5, 10),
(233, '12', 5, 9),
(234, '20', 5, 11),
(235, '384', 7, 11),
(236, '1200', 8, 11),
(237, '128 ГБ', 16, 11),
(238, '4800', 17, 11),
(239, 'Core i7 12-го поколения', 12, 11),
(240, 'OEM (без кулера)', 14, 11),
(241, '100', 2, 11),
(242, '1759498662', 68, 11),
(243, 'Процессор', 19, 11),
(244, 'Китай', 21, 11),
(245, 'Intel', 45, 11),
(246, 'Технология Turbo Boost, Поддержка Virtualization Technology, Поддержка Intel vPro', 159, 11),
(247, '3200', 17, 12),
(248, '128 ГБ', 16, 12),
(249, '16', 5, 12),
(250, '512', 7, 12),
(251, '4096', 8, 12),
(252, 'Zen', 3, 12),
(253, '90', 2, 12),
(254, 'OEM (без кулера)', 14, 12),
(255, 'Ryzen 7', 12, 12),
(256, '231885025', 68, 12),
(257, 'Процессор', 19, 12),
(258, 'AMD', 45, 12),
(259, 'Технология Turbo Boost', 159, 12),
(260, 'Китай', 21, 12),
(261, '20000', 160, 13),
(262, '3.75', 40, 13),
(263, '352', 41, 13),
(264, 'Полноразмерная', 161, 13),
(265, '352х158х73', 42, 13),
(266, '2565', 30, 13),
(267, '6144', 32, 13),
(268, '7680x4320 8K UHD', 33, 13),
(269, '4', 34, 13),
(270, '1', 35, 13),
(271, '3', 36, 13),
(272, 'AMD', 45, 13),
(273, 'Radeon RX 7900 XTX', 44, 13),
(274, 'Активное', 25, 13),
(275, 'Вентиляторное', 29, 13),
(276, '3', 39, 13),
(277, '1637460108', 68, 13),
(278, 'Видеокарта', 19, 13),
(279, 'Черный', 80, 13),
(280, 'Китай', 21, 13),
(281, '3 года', 20, 13),
(282, 'AM4, AM5, AM3+, AM3, LGA 2011, LGA 2011-3, LGA 1151, LGA 1151v2, LGA 1155, LGA 1150, LGA 1200, LGA 1700', 13, 8);

-- --------------------------------------------------------

--
-- Структура таблицы `polls_tovars`
--

CREATE TABLE `polls_tovars` (
  `id` bigint(20) NOT NULL,
  `name` varchar(255) NOT NULL,
  `slug` varchar(255) NOT NULL,
  `cost` int(11) NOT NULL,
  `avtor_id` bigint(20) NOT NULL,
  `category_id` bigint(20) NOT NULL,
  `skidka_cost` int(11) DEFAULT NULL,
  `t_count` int(10) UNSIGNED NOT NULL CHECK (`t_count` >= 0),
  `created_at` datetime(6) NOT NULL,
  `descr` longtext DEFAULT NULL
) ENGINE=InnoDB DEFAULT CHARSET=utf8mb4 COLLATE=utf8mb4_general_ci;

--
-- Дамп данных таблицы `polls_tovars`
--

INSERT INTO `polls_tovars` (`id`, `name`, `slug`, `cost`, `avtor_id`, `category_id`, `skidka_cost`, `t_count`, `created_at`, `descr`) VALUES
(4, 'Материнская плата Gigabyte B450M Gaming', 'b450m-gaming', 13250, 3, 3, 8385, 99, '2025-01-30 15:10:52.231586', NULL),
(5, 'Оперативная память HyperX PC3-12800U', 'ddr3-dimm-ram-2x8-gb-pc3-12800u', 3706, 4, 4, NULL, 99, '2025-01-30 15:10:52.231586', NULL),
(6, 'Корпус Ginzzu B150 mATX', 'b150-matx', 985, 5, 5, 924, 99, '2025-01-30 15:10:52.231586', NULL),
(7, 'Блок питания Redragon RGPS-750W', 'rgps-750w', 15999, 6, 6, 7777, 99, '2025-01-30 15:10:52.231586', NULL),
(8, 'Система водяного охлаждения ЮКОМС', 'sistema-vodyanogo-ohlazhdeniya', 6200, 7, 7, 4256, 99, '2025-01-30 15:10:52.231586', '<p><strong>Система водяного охлаждения ЮКОМС</strong> &mdash; это высокоэффективное решение для обеспечения оптимальной температуры в различных технологических процессах. Разработанная с учетом последних достижений в области теплоотведения, система гарантирует стабильную работу оборудования даже при высоких нагрузках. Водяное охлаждение ЮКОМС отличается низким уровнем шума, высокой надежностью и долговечностью, что делает её идеальным выбором для промышленных объектов, серверных помещений и других сфер, где важна высокая теплоотдача и безопасность.</p>'),
(9, 'Intel Core i5 11400', 'intel-core-i5-11400', 20000, 1, 1, 12249, 99, '2025-02-10 15:58:25.524010', '<p><strong>Процессор Intel Core i5-11400</strong> - это мощное вычислительное устройство, способное обеспечить высокую производительность и отличное качество работы в различных задачах. Этот процессор из линейки Core i5 имеет модель 11400 и представляет собой отличное сочетание цены и качества.</p>\r\n\r\n<p><br />\r\nСердцем процессора является архитектура <u>Cypress Cove</u> и ядро <u>Rocket Lake-S</u>, которые обеспечивают высокую производительность и эффективность работы. С 6 ядрами и 12 потоками этот процессор способен обрабатывать сложные задачи с легкостью, что делает его отличным выбором для геймеров, видеомонтажеров и других профессионалов.</p>\r\n\r\n<p>&nbsp;</p>\r\n\r\n<p>Частота шины DMI 3.0 составляет 8 ГТ/с, что обеспечивает быструю передачу данных и минимизирует задержки при выполнении задач. Объем кэша L1 составляет 64 Кб, L2 - 1 Мб, а L3 - 12 Мб, что позволяет процессору быстро обращаться к данным и повышает его производительность.<br />\r\n<br />\r\nТехнологический процесс 14 нм обеспечивает энергоэффективность и надежность работы процессора, что позволяет ему работать стабильно и эффективно даже при высоких нагрузках. Socket LGA 1200 обеспечивает простой и надежный монтаж процессора на материнскую плату, что делает его удобным в использовании.</p>'),
(10, 'AMD Ryzen 5 5600X', 'amd-ryzen-5-5600x', 22000, 2, 1, NULL, 99, '2025-02-10 15:58:25.643802', ''),
(11, 'Intel Core i7 12700K', 'intel-core-i7-12700k', 35000, 1, 1, 25900, 99, '2025-02-10 15:58:25.721121', '<p><img alt=\"\" src=\"https://ir.ozone.ru/s3/multimedia-1-z/ww1200/7247872151.jpg\" style=\"float:left; height:150px; width:148px\" /><strong>Intel Core i7-12700K</strong> представляет собой процессор 12-го поколения, построенный на основе архитектуры Alder Lake-S. Он имеет 12 ядер (8 производительных и 4 энергоэффективных), которые работают на частоте от 3,6 до 5 ГГц в турбо-режиме. TDP процессора составляет 125 Вт в базовом режиме и 190 Вт в турбо-режиме, что обеспечивает высокую производительность при низком энергопотреблении.</p>\r\n\r\n<p><strong>Комплектация</strong>: Процессор</p>\r\n\r\n<p><strong>Гарантийный срок</strong>: 1 год</p>'),
(12, 'AMD Ryzen 7 5800X', 'amd-ryzen-7-5800x', 30000, 2, 1, 21999, 99, '2025-02-10 15:58:25.782794', '<p><strong>Процессор AMD Ryzen 7 5800X 3.8 ГГц OEM</strong>&nbsp;представляет собой мощное вычислительное ядро для эффективной работы как в играх, так и при выполнении тяжелых многозадачных задач. С 8 ядрами и 16 потоками, работающими на базовой частоте 3.8 ГГц, этот процессор обеспечивает быстродействие на высоком уровне.</p>\r\n\r\n<p>С благодаря архитектуре Zen 3, процессор предоставляет улучшенную производительность по сравнению с предыдущими поколениями. Технология Precision Boost 2 автоматически регулирует тактовую частоту, обеспечивая оптимальное соотношение между производительностью и энергопотреблением.</p>\r\n\r\n<p>Процессор снабжен кэш-памятью L3 в размере 32 МБ, что способствует более эффективной обработке данных. Благодаря поддержке PCIe 4.0, вы можете наслаждаться высокоскоростным доступом к современным NVMe SSD и графическим картам.</p>\r\n\r\n<p><strong>AMD Ryzen 7 5800X</strong> - отличное решение для геймеров, креативных профессионалов и тех, кто ценит высокую производительность и многозадачность в своей системе.</p>'),
(13, 'AMD Radeon RX 7900 XTX', 'amd-radeon-rx-7900-xtx', 111112, 2, 2, 109240, 99, '2025-02-10 15:58:25.844278', '<p><img alt=\"\" src=\"http://ir.ozone.ru/s3/multimedia-r/ww1200/6546220431.jpg\" style=\"float:left; height:300px; width:300px\" /></p>\r\n\r\n<h3>&nbsp;</h3>\r\n\r\n<h3>&nbsp;</h3>\r\n\r\n<h4>&nbsp; Новый, оригинальный товар от официальных дистрибьюторов брендов</h4>\r\n\r\n<p>&nbsp;</p>\r\n\r\n<p>&nbsp;</p>\r\n\r\n<p>&nbsp;</p>\r\n\r\n<p>&nbsp;</p>');

-- --------------------------------------------------------

--
-- Структура таблицы `polls_userprofile`
--

CREATE TABLE `polls_userprofile` (
  `id` bigint(20) NOT NULL,
  `avatar` varchar(100) DEFAULT NULL,
  `user_id` int(11) NOT NULL
) ENGINE=InnoDB DEFAULT CHARSET=utf8mb4 COLLATE=utf8mb4_general_ci;

--
-- Дамп данных таблицы `polls_userprofile`
--

INSERT INTO `polls_userprofile` (`id`, `avatar`, `user_id`) VALUES
(7, 'static/img/users/admin/580201.pic.jpg', 12),
(8, 'static/img/users/gogot/9977974_kusowanka.com.jpg', 16),
(9, 'static/img/users/Huh/3623e8bf723a0c4a227bd1de4332fa1245bee237r1-1024-1024v2_hq.jpg', 9),
(10, 'static/img/users/bro/9977974_kusowanka.com.jpg', 17);

--
-- Индексы сохранённых таблиц
--

--
-- Индексы таблицы `auth_group`
--
ALTER TABLE `auth_group`
  ADD PRIMARY KEY (`id`),
  ADD UNIQUE KEY `name` (`name`);

--
-- Индексы таблицы `auth_group_permissions`
--
ALTER TABLE `auth_group_permissions`
  ADD PRIMARY KEY (`id`),
  ADD UNIQUE KEY `auth_group_permissions_group_id_permission_id_0cd325b0_uniq` (`group_id`,`permission_id`),
  ADD KEY `auth_group_permissio_permission_id_84c5c92e_fk_auth_perm` (`permission_id`);

--
-- Индексы таблицы `auth_permission`
--
ALTER TABLE `auth_permission`
  ADD PRIMARY KEY (`id`),
  ADD UNIQUE KEY `auth_permission_content_type_id_codename_01ab375a_uniq` (`content_type_id`,`codename`);

--
-- Индексы таблицы `auth_user`
--
ALTER TABLE `auth_user`
  ADD PRIMARY KEY (`id`),
  ADD UNIQUE KEY `username` (`username`),
  ADD UNIQUE KEY `auth_user_email_1c89df09_uniq` (`email`);

--
-- Индексы таблицы `auth_user_groups`
--
ALTER TABLE `auth_user_groups`
  ADD PRIMARY KEY (`id`),
  ADD UNIQUE KEY `auth_user_groups_user_id_group_id_94350c0c_uniq` (`user_id`,`group_id`),
  ADD KEY `auth_user_groups_group_id_97559544_fk_auth_group_id` (`group_id`);

--
-- Индексы таблицы `auth_user_user_permissions`
--
ALTER TABLE `auth_user_user_permissions`
  ADD PRIMARY KEY (`id`),
  ADD UNIQUE KEY `auth_user_user_permissions_user_id_permission_id_14a6b632_uniq` (`user_id`,`permission_id`),
  ADD KEY `auth_user_user_permi_permission_id_1fbb5f2c_fk_auth_perm` (`permission_id`);

--
-- Индексы таблицы `django_admin_log`
--
ALTER TABLE `django_admin_log`
  ADD PRIMARY KEY (`id`),
  ADD KEY `django_admin_log_content_type_id_c4bce8eb_fk_django_co` (`content_type_id`),
  ADD KEY `django_admin_log_user_id_c564eba6_fk_auth_user_id` (`user_id`);

--
-- Индексы таблицы `django_content_type`
--
ALTER TABLE `django_content_type`
  ADD PRIMARY KEY (`id`),
  ADD UNIQUE KEY `django_content_type_app_label_model_76bd3d3b_uniq` (`app_label`,`model`);

--
-- Индексы таблицы `django_migrations`
--
ALTER TABLE `django_migrations`
  ADD PRIMARY KEY (`id`);

--
-- Индексы таблицы `django_session`
--
ALTER TABLE `django_session`
  ADD PRIMARY KEY (`session_key`),
  ADD KEY `django_session_expire_date_a5c62663` (`expire_date`);

--
-- Индексы таблицы `polls_avtor`
--
ALTER TABLE `polls_avtor`
  ADD PRIMARY KEY (`id`),
  ADD UNIQUE KEY `slug` (`slug`);

--
-- Индексы таблицы `polls_basket`
--
ALTER TABLE `polls_basket`
  ADD PRIMARY KEY (`id`),
  ADD KEY `polls_basket_tovar_id_d6460712_fk_polls_tovars_id` (`tovar_id`),
  ADD KEY `polls_basket_user_id_6195d14c_fk_auth_user_id` (`user_id`);

--
-- Индексы таблицы `polls_category`
--
ALTER TABLE `polls_category`
  ADD PRIMARY KEY (`id`),
  ADD UNIQUE KEY `slug` (`slug`),
  ADD UNIQUE KEY `polls_category_category_c13902c9_uniq` (`category`),
  ADD KEY `polls_category_Gl_category_id_f732ece5_fk_polls_gl_category_id` (`Gl_category_id`);

--
-- Индексы таблицы `polls_comments`
--
ALTER TABLE `polls_comments`
  ADD PRIMARY KEY (`id`),
  ADD KEY `polls_comments_tovar_id_3a3e5516_fk_polls_tovars_id` (`tovar_id`),
  ADD KEY `polls_comments_user_id_203f617d` (`user_id`);

--
-- Индексы таблицы `polls_detail`
--
ALTER TABLE `polls_detail`
  ADD PRIMARY KEY (`id`);

--
-- Индексы таблицы `polls_detail_cotegory_tovar`
--
ALTER TABLE `polls_detail_cotegory_tovar`
  ADD PRIMARY KEY (`id`),
  ADD UNIQUE KEY `polls_detail_cotegory_tovar_detail_id_category_id_842f6d61_uniq` (`detail_id`,`category_id`),
  ADD KEY `polls_detail_cotegor_category_id_53efe11a_fk_polls_cat` (`category_id`);

--
-- Индексы таблицы `polls_favoritess`
--
ALTER TABLE `polls_favoritess`
  ADD PRIMARY KEY (`id`),
  ADD UNIQUE KEY `polls_favoritess_tovar_id_user_id_e597ef7f_uniq` (`tovar_id`,`user_id`),
  ADD KEY `polls_favoritess_user_id_0162a7c1_fk_auth_user_id` (`user_id`);

--
-- Индексы таблицы `polls_gl_category`
--
ALTER TABLE `polls_gl_category`
  ADD PRIMARY KEY (`id`),
  ADD UNIQUE KEY `slug` (`slug`),
  ADD UNIQUE KEY `polls_gl_category_Gl_category_88344024_uniq` (`Gl_category`);

--
-- Индексы таблицы `polls_history_tovars`
--
ALTER TABLE `polls_history_tovars`
  ADD PRIMARY KEY (`id`),
  ADD KEY `polls_history_tovars_tovar_id_58ff312c_fk_polls_tovars_id` (`tovar_id`),
  ADD KEY `polls_history_tovars_user_id_5ee67296_fk_auth_user_id` (`user_id`);

--
-- Индексы таблицы `polls_img_tovar`
--
ALTER TABLE `polls_img_tovar`
  ADD PRIMARY KEY (`id`),
  ADD KEY `polls_img_tovar_tovar_id_7f7ad247_fk_polls_tovars_id` (`tovar_id`);

--
-- Индексы таблицы `polls_order`
--
ALTER TABLE `polls_order`
  ADD PRIMARY KEY (`id`),
  ADD UNIQUE KEY `order_number` (`order_number`),
  ADD KEY `polls_order_user_id_6b81b5ea_fk_auth_user_id` (`user_id`);

--
-- Индексы таблицы `polls_order_tovars`
--
ALTER TABLE `polls_order_tovars`
  ADD PRIMARY KEY (`id`),
  ADD KEY `polls_order_tovars_tovar_id_c14f7c12_fk_polls_tovars_id` (`tovar_id`),
  ADD KEY `polls_order_tovars_user_id_af8b5154_fk_auth_user_id` (`user_id`);

--
-- Индексы таблицы `polls_order_tovar_order`
--
ALTER TABLE `polls_order_tovar_order`
  ADD PRIMARY KEY (`id`),
  ADD UNIQUE KEY `polls_order_tovar_order_order_id_order_tovars_id_d8736166_uniq` (`order_id`,`order_tovars_id`),
  ADD KEY `polls_order_tovar_or_order_tovars_id_06cd8278_fk_polls_ord` (`order_tovars_id`);

--
-- Индексы таблицы `polls_specs`
--
ALTER TABLE `polls_specs`
  ADD PRIMARY KEY (`id`),
  ADD KEY `polls_specs_category_id_bdc7ccbf_fk_polls_detail_id` (`category_id`),
  ADD KEY `polls_specs_tovar_id_8cf6f0b8_fk_polls_tovars_id` (`tovar_id`);

--
-- Индексы таблицы `polls_tovars`
--
ALTER TABLE `polls_tovars`
  ADD PRIMARY KEY (`id`),
  ADD UNIQUE KEY `slug` (`slug`),
  ADD KEY `polls_tovars_avtor_id_b4a11079_fk_polls_avtor_id` (`avtor_id`),
  ADD KEY `polls_tovars_category_id_1497f3d2_fk_polls_category_id` (`category_id`);

--
-- Индексы таблицы `polls_userprofile`
--
ALTER TABLE `polls_userprofile`
  ADD PRIMARY KEY (`id`),
  ADD UNIQUE KEY `user_id` (`user_id`);

--
-- AUTO_INCREMENT для сохранённых таблиц
--

--
-- AUTO_INCREMENT для таблицы `auth_group`
--
ALTER TABLE `auth_group`
  MODIFY `id` int(11) NOT NULL AUTO_INCREMENT;

--
-- AUTO_INCREMENT для таблицы `auth_group_permissions`
--
ALTER TABLE `auth_group_permissions`
  MODIFY `id` bigint(20) NOT NULL AUTO_INCREMENT;

--
-- AUTO_INCREMENT для таблицы `auth_permission`
--
ALTER TABLE `auth_permission`
  MODIFY `id` int(11) NOT NULL AUTO_INCREMENT, AUTO_INCREMENT=85;

--
-- AUTO_INCREMENT для таблицы `auth_user`
--
ALTER TABLE `auth_user`
  MODIFY `id` int(11) NOT NULL AUTO_INCREMENT, AUTO_INCREMENT=18;

--
-- AUTO_INCREMENT для таблицы `auth_user_groups`
--
ALTER TABLE `auth_user_groups`
  MODIFY `id` bigint(20) NOT NULL AUTO_INCREMENT;

--
-- AUTO_INCREMENT для таблицы `auth_user_user_permissions`
--
ALTER TABLE `auth_user_user_permissions`
  MODIFY `id` bigint(20) NOT NULL AUTO_INCREMENT;

--
-- AUTO_INCREMENT для таблицы `django_admin_log`
--
ALTER TABLE `django_admin_log`
  MODIFY `id` int(11) NOT NULL AUTO_INCREMENT, AUTO_INCREMENT=695;

--
-- AUTO_INCREMENT для таблицы `django_content_type`
--
ALTER TABLE `django_content_type`
  MODIFY `id` int(11) NOT NULL AUTO_INCREMENT, AUTO_INCREMENT=22;

--
-- AUTO_INCREMENT для таблицы `django_migrations`
--
ALTER TABLE `django_migrations`
  MODIFY `id` bigint(20) NOT NULL AUTO_INCREMENT, AUTO_INCREMENT=95;

--
-- AUTO_INCREMENT для таблицы `polls_avtor`
--
ALTER TABLE `polls_avtor`
  MODIFY `id` bigint(20) NOT NULL AUTO_INCREMENT, AUTO_INCREMENT=10;

--
-- AUTO_INCREMENT для таблицы `polls_basket`
--
ALTER TABLE `polls_basket`
  MODIFY `id` bigint(20) NOT NULL AUTO_INCREMENT, AUTO_INCREMENT=471;

--
-- AUTO_INCREMENT для таблицы `polls_category`
--
ALTER TABLE `polls_category`
  MODIFY `id` bigint(20) NOT NULL AUTO_INCREMENT, AUTO_INCREMENT=43;

--
-- AUTO_INCREMENT для таблицы `polls_comments`
--
ALTER TABLE `polls_comments`
  MODIFY `id` bigint(20) NOT NULL AUTO_INCREMENT;

--
-- AUTO_INCREMENT для таблицы `polls_detail`
--
ALTER TABLE `polls_detail`
  MODIFY `id` bigint(20) NOT NULL AUTO_INCREMENT, AUTO_INCREMENT=162;

--
-- AUTO_INCREMENT для таблицы `polls_detail_cotegory_tovar`
--
ALTER TABLE `polls_detail_cotegory_tovar`
  MODIFY `id` bigint(20) NOT NULL AUTO_INCREMENT, AUTO_INCREMENT=381;

--
-- AUTO_INCREMENT для таблицы `polls_favoritess`
--
ALTER TABLE `polls_favoritess`
  MODIFY `id` bigint(20) NOT NULL AUTO_INCREMENT, AUTO_INCREMENT=676;

--
-- AUTO_INCREMENT для таблицы `polls_gl_category`
--
ALTER TABLE `polls_gl_category`
  MODIFY `id` bigint(20) NOT NULL AUTO_INCREMENT, AUTO_INCREMENT=5;

--
-- AUTO_INCREMENT для таблицы `polls_history_tovars`
--
ALTER TABLE `polls_history_tovars`
  MODIFY `id` bigint(20) NOT NULL AUTO_INCREMENT, AUTO_INCREMENT=2128;

--
-- AUTO_INCREMENT для таблицы `polls_img_tovar`
--
ALTER TABLE `polls_img_tovar`
  MODIFY `id` bigint(20) NOT NULL AUTO_INCREMENT, AUTO_INCREMENT=72;

--
-- AUTO_INCREMENT для таблицы `polls_order`
--
ALTER TABLE `polls_order`
  MODIFY `id` bigint(20) NOT NULL AUTO_INCREMENT, AUTO_INCREMENT=43;

--
-- AUTO_INCREMENT для таблицы `polls_order_tovars`
--
ALTER TABLE `polls_order_tovars`
  MODIFY `id` bigint(20) NOT NULL AUTO_INCREMENT, AUTO_INCREMENT=157;

--
-- AUTO_INCREMENT для таблицы `polls_order_tovar_order`
--
ALTER TABLE `polls_order_tovar_order`
  MODIFY `id` bigint(20) NOT NULL AUTO_INCREMENT, AUTO_INCREMENT=66;

--
-- AUTO_INCREMENT для таблицы `polls_specs`
--
ALTER TABLE `polls_specs`
  MODIFY `id` bigint(20) NOT NULL AUTO_INCREMENT, AUTO_INCREMENT=283;

--
-- AUTO_INCREMENT для таблицы `polls_tovars`
--
ALTER TABLE `polls_tovars`
  MODIFY `id` bigint(20) NOT NULL AUTO_INCREMENT, AUTO_INCREMENT=14;

--
-- AUTO_INCREMENT для таблицы `polls_userprofile`
--
ALTER TABLE `polls_userprofile`
  MODIFY `id` bigint(20) NOT NULL AUTO_INCREMENT, AUTO_INCREMENT=11;

--
-- Ограничения внешнего ключа сохраненных таблиц
--

--
-- Ограничения внешнего ключа таблицы `auth_group_permissions`
--
ALTER TABLE `auth_group_permissions`
  ADD CONSTRAINT `auth_group_permissio_permission_id_84c5c92e_fk_auth_perm` FOREIGN KEY (`permission_id`) REFERENCES `auth_permission` (`id`),
  ADD CONSTRAINT `auth_group_permissions_group_id_b120cbf9_fk_auth_group_id` FOREIGN KEY (`group_id`) REFERENCES `auth_group` (`id`);

--
-- Ограничения внешнего ключа таблицы `auth_permission`
--
ALTER TABLE `auth_permission`
  ADD CONSTRAINT `auth_permission_content_type_id_2f476e4b_fk_django_co` FOREIGN KEY (`content_type_id`) REFERENCES `django_content_type` (`id`);

--
-- Ограничения внешнего ключа таблицы `auth_user_groups`
--
ALTER TABLE `auth_user_groups`
  ADD CONSTRAINT `auth_user_groups_group_id_97559544_fk_auth_group_id` FOREIGN KEY (`group_id`) REFERENCES `auth_group` (`id`),
  ADD CONSTRAINT `auth_user_groups_user_id_6a12ed8b_fk_auth_user_id` FOREIGN KEY (`user_id`) REFERENCES `auth_user` (`id`);

--
-- Ограничения внешнего ключа таблицы `auth_user_user_permissions`
--
ALTER TABLE `auth_user_user_permissions`
  ADD CONSTRAINT `auth_user_user_permi_permission_id_1fbb5f2c_fk_auth_perm` FOREIGN KEY (`permission_id`) REFERENCES `auth_permission` (`id`),
  ADD CONSTRAINT `auth_user_user_permissions_user_id_a95ead1b_fk_auth_user_id` FOREIGN KEY (`user_id`) REFERENCES `auth_user` (`id`);

--
-- Ограничения внешнего ключа таблицы `django_admin_log`
--
ALTER TABLE `django_admin_log`
  ADD CONSTRAINT `django_admin_log_content_type_id_c4bce8eb_fk_django_co` FOREIGN KEY (`content_type_id`) REFERENCES `django_content_type` (`id`),
  ADD CONSTRAINT `django_admin_log_user_id_c564eba6_fk_auth_user_id` FOREIGN KEY (`user_id`) REFERENCES `auth_user` (`id`);

--
-- Ограничения внешнего ключа таблицы `polls_basket`
--
ALTER TABLE `polls_basket`
  ADD CONSTRAINT `polls_basket_tovar_id_d6460712_fk_polls_tovars_id` FOREIGN KEY (`tovar_id`) REFERENCES `polls_tovars` (`id`),
  ADD CONSTRAINT `polls_basket_user_id_6195d14c_fk_auth_user_id` FOREIGN KEY (`user_id`) REFERENCES `auth_user` (`id`);

--
-- Ограничения внешнего ключа таблицы `polls_category`
--
ALTER TABLE `polls_category`
  ADD CONSTRAINT `polls_category_Gl_category_id_f732ece5_fk_polls_gl_category_id` FOREIGN KEY (`Gl_category_id`) REFERENCES `polls_gl_category` (`id`);

--
-- Ограничения внешнего ключа таблицы `polls_comments`
--
ALTER TABLE `polls_comments`
  ADD CONSTRAINT `polls_comments_tovar_id_3a3e5516_fk_polls_tovars_id` FOREIGN KEY (`tovar_id`) REFERENCES `polls_tovars` (`id`),
  ADD CONSTRAINT `polls_comments_user_id_203f617d_fk_auth_user_id` FOREIGN KEY (`user_id`) REFERENCES `auth_user` (`id`);

--
-- Ограничения внешнего ключа таблицы `polls_detail_cotegory_tovar`
--
ALTER TABLE `polls_detail_cotegory_tovar`
  ADD CONSTRAINT `polls_detail_cotegor_category_id_53efe11a_fk_polls_cat` FOREIGN KEY (`category_id`) REFERENCES `polls_category` (`id`),
  ADD CONSTRAINT `polls_detail_cotegor_detail_id_6eb12d11_fk_polls_det` FOREIGN KEY (`detail_id`) REFERENCES `polls_detail` (`id`);

--
-- Ограничения внешнего ключа таблицы `polls_favoritess`
--
ALTER TABLE `polls_favoritess`
  ADD CONSTRAINT `polls_favoritess_tovar_id_39a72168_fk_polls_tovars_id` FOREIGN KEY (`tovar_id`) REFERENCES `polls_tovars` (`id`),
  ADD CONSTRAINT `polls_favoritess_user_id_0162a7c1_fk_auth_user_id` FOREIGN KEY (`user_id`) REFERENCES `auth_user` (`id`);

--
-- Ограничения внешнего ключа таблицы `polls_history_tovars`
--
ALTER TABLE `polls_history_tovars`
  ADD CONSTRAINT `polls_history_tovars_tovar_id_58ff312c_fk_polls_tovars_id` FOREIGN KEY (`tovar_id`) REFERENCES `polls_tovars` (`id`),
  ADD CONSTRAINT `polls_history_tovars_user_id_5ee67296_fk_auth_user_id` FOREIGN KEY (`user_id`) REFERENCES `auth_user` (`id`);

--
-- Ограничения внешнего ключа таблицы `polls_img_tovar`
--
ALTER TABLE `polls_img_tovar`
  ADD CONSTRAINT `polls_img_tovar_tovar_id_7f7ad247_fk_polls_tovars_id` FOREIGN KEY (`tovar_id`) REFERENCES `polls_tovars` (`id`);

--
-- Ограничения внешнего ключа таблицы `polls_order`
--
ALTER TABLE `polls_order`
  ADD CONSTRAINT `polls_order_user_id_6b81b5ea_fk_auth_user_id` FOREIGN KEY (`user_id`) REFERENCES `auth_user` (`id`);

--
-- Ограничения внешнего ключа таблицы `polls_order_tovars`
--
ALTER TABLE `polls_order_tovars`
  ADD CONSTRAINT `polls_order_tovars_tovar_id_c14f7c12_fk_polls_tovars_id` FOREIGN KEY (`tovar_id`) REFERENCES `polls_tovars` (`id`),
  ADD CONSTRAINT `polls_order_tovars_user_id_af8b5154_fk_auth_user_id` FOREIGN KEY (`user_id`) REFERENCES `auth_user` (`id`);

--
-- Ограничения внешнего ключа таблицы `polls_order_tovar_order`
--
ALTER TABLE `polls_order_tovar_order`
  ADD CONSTRAINT `polls_order_tovar_or_order_tovars_id_06cd8278_fk_polls_ord` FOREIGN KEY (`order_tovars_id`) REFERENCES `polls_order_tovars` (`id`),
  ADD CONSTRAINT `polls_order_tovar_order_order_id_50015f3a_fk_polls_order_id` FOREIGN KEY (`order_id`) REFERENCES `polls_order` (`id`);

--
-- Ограничения внешнего ключа таблицы `polls_specs`
--
ALTER TABLE `polls_specs`
  ADD CONSTRAINT `polls_specs_category_id_bdc7ccbf_fk_polls_detail_id` FOREIGN KEY (`category_id`) REFERENCES `polls_detail` (`id`),
  ADD CONSTRAINT `polls_specs_tovar_id_8cf6f0b8_fk_polls_tovars_id` FOREIGN KEY (`tovar_id`) REFERENCES `polls_tovars` (`id`);

--
-- Ограничения внешнего ключа таблицы `polls_tovars`
--
ALTER TABLE `polls_tovars`
  ADD CONSTRAINT `polls_tovars_avtor_id_b4a11079_fk_polls_avtor_id` FOREIGN KEY (`avtor_id`) REFERENCES `polls_avtor` (`id`),
  ADD CONSTRAINT `polls_tovars_category_id_1497f3d2_fk_polls_category_id` FOREIGN KEY (`category_id`) REFERENCES `polls_category` (`id`);

--
-- Ограничения внешнего ключа таблицы `polls_userprofile`
--
ALTER TABLE `polls_userprofile`
  ADD CONSTRAINT `polls_userprofile_user_id_8d93c3ac_fk_auth_user_id` FOREIGN KEY (`user_id`) REFERENCES `auth_user` (`id`);
COMMIT;

/*!40101 SET CHARACTER_SET_CLIENT=@OLD_CHARACTER_SET_CLIENT */;
/*!40101 SET CHARACTER_SET_RESULTS=@OLD_CHARACTER_SET_RESULTS */;
/*!40101 SET COLLATION_CONNECTION=@OLD_COLLATION_CONNECTION */;
